"trick_slug","symbolic_group_id","membership_reason","confidence","source"
"aeon_flux","osis-rotational-topology","base_trick=osis","high","topology heuristic"
"archnemesis","furious-family","modifier_link=furious","high","freestyle_trick_modifier_links"
"armageddon","no-plant-while-symposium","modifier_link=symposium","high","execution-pattern rule"
"armageddon","paradox-family","modifier_link=paradox","high","freestyle_trick_modifier_links"
"armageddon","symposium-family","modifier_link=symposium","high","freestyle_trick_modifier_links"
"around_the_world","atw-leg-circle-topology","base_trick=around_the_world","high","topology heuristic"
"around_the_world","leggy-circle","base_trick=around_the_world","high","base_trick mapping"
"around_the_world_heel","atw-leg-circle-topology","base_trick=around_the_world","high","topology heuristic"
"around_the_world_heel","leggy-circle","base_trick=around_the_world","high","base_trick mapping"
"around_the_world_kick","atw-leg-circle-topology","base_trick=around_the_world","high","topology heuristic"
"around_the_world_kick","leggy-circle","base_trick=around_the_world","high","base_trick mapping"
"around_the_world_kick","stall-1add-topology","1-ADD primitive contact/stall","high","topology heuristic"
"assassin","ducking-family","modifier_link=ducking","high","freestyle_trick_modifier_links"
"assassin","hippy-in-dex","base_trick=mirage","high","base_trick mapping"
"assassin","mirage-topology","base_trick=mirage","high","topology heuristic"
"assassin","pixie-family","modifier_link=pixie","high","freestyle_trick_modifier_links"
"atom_smasher","hippy-in-dex","base_trick=mirage","high","base_trick mapping"
"atom_smasher","mirage-topology","base_trick=mirage","high","topology heuristic"
"atomic_barrage","atomic-family","modifier_link=atomic","high","freestyle_trick_modifier_links"
"atomic_barrage","double-dex-topology","barrage/barfly canonical double-dex pattern","high","topology heuristic"
"atomic_blender","atomic-family","modifier_link=atomic","high","freestyle_trick_modifier_links"
"atomic_blender","blender-rotational-topology","base_trick=blender","high","topology heuristic"
"atomic_butterfly","atomic-family","modifier_link=atomic","high","freestyle_trick_modifier_links"
"atomic_butterfly","butterfly-wing-topology","base_trick=butterfly","high","topology heuristic"
"atomic_butterfly","clipper-ending","compound terminates in clipper_stall via wing-motion or canonical-name pattern","medium","canonical-name heuristic"
"atomic_butterfly","wing-motion-dex","base_trick=butterfly","high","base_trick mapping"
"atomic_clipper","clipper-ending","compound terminates in clipper_stall via wing-motion or canonical-name pattern","medium","canonical-name heuristic"
"atomic_drifter","atomic-family","modifier_link=atomic","high","freestyle_trick_modifier_links"
"atomic_drifter","drifter-miraging-clipper-topology","base_trick=drifter","high","topology heuristic"
"atomic_ducking_blender","atomic-family","modifier_link=atomic","high","freestyle_trick_modifier_links"
"atomic_ducking_blender","blender-rotational-topology","base_trick=blender","high","topology heuristic"
"atomic_ducking_blender","ducking-family","modifier_link=ducking","high","freestyle_trick_modifier_links"
"atomic_ducking_mirage","atomic-family","modifier_link=atomic","high","freestyle_trick_modifier_links"
"atomic_ducking_mirage","toe-ending","compound terminates in toe_stall via canonical-name pattern","medium","canonical-name heuristic"
"atomic_ducking_torque","atomic-family","modifier_link=atomic","high","freestyle_trick_modifier_links"
"atomic_ducking_torque","ducking-family","modifier_link=ducking","high","freestyle_trick_modifier_links"
"atomic_ducking_torque","torque-rotational-topology","base_trick=torque","high","topology heuristic"
"atomic_eclipse","atomic-family","modifier_link=atomic","high","freestyle_trick_modifier_links"
"atomic_eclipse","clipper-ending","compound terminates in clipper_stall via wing-motion or canonical-name pattern","medium","canonical-name heuristic"
"atomic_eggbeater","atomic-family","modifier_link=atomic","high","freestyle_trick_modifier_links"
"atomic_flail","atomic-family","modifier_link=atomic","high","freestyle_trick_modifier_links"
"atomic_guay","atomic-family","modifier_link=atomic","high","freestyle_trick_modifier_links"
"atomic_illusion","atomic-family","modifier_link=atomic","high","freestyle_trick_modifier_links"
"atomic_illusion","hippy-out-dex","base_trick=illusion","high","base_trick mapping"
"atomic_illusion","illusion-topology","base_trick=illusion","high","topology heuristic"
"atomic_inspinning_butterfly","atomic-family","modifier_link=atomic","high","freestyle_trick_modifier_links"
"atomic_inspinning_butterfly","clipper-ending","compound terminates in clipper_stall via wing-motion or canonical-name pattern","medium","canonical-name heuristic"
"atomic_miraging_butterfly","atomic-family","modifier_link=atomic","high","freestyle_trick_modifier_links"
"atomic_miraging_butterfly","butterfly-wing-topology","base_trick=butterfly","high","topology heuristic"
"atomic_miraging_butterfly","clipper-ending","compound terminates in clipper_stall via wing-motion or canonical-name pattern","medium","canonical-name heuristic"
"atomic_miraging_butterfly","wing-motion-dex","base_trick=butterfly","high","base_trick mapping"
"atomic_reverse_guay","atomic-family","modifier_link=atomic","high","freestyle_trick_modifier_links"
"atomic_reverse_swirl","atomic-family","modifier_link=atomic","high","freestyle_trick_modifier_links"
"atomic_swirl","atomic-family","modifier_link=atomic","high","freestyle_trick_modifier_links"
"atomic_swirl","back-spin-dex","base_trick=swirl","high","base_trick mapping"
"atomic_swirl","swirl-rotational-topology","base_trick=swirl","high","topology heuristic"
"atomic_symposium_butterfly","atomic-family","modifier_link=atomic","high","freestyle_trick_modifier_links"
"atomic_symposium_butterfly","clipper-ending","compound terminates in clipper_stall via wing-motion or canonical-name pattern","medium","canonical-name heuristic"
"atomic_symposium_butterfly","no-plant-while-symposium","modifier_link=symposium","high","execution-pattern rule"
"atomic_symposium_butterfly","symposium-family","modifier_link=symposium","high","freestyle_trick_modifier_links"
"atomic_symposium_eggbeater","atomic-family","modifier_link=atomic","high","freestyle_trick_modifier_links"
"atomic_symposium_eggbeater","no-plant-while-symposium","modifier_link=symposium","high","execution-pattern rule"
"atomic_symposium_eggbeater","symposium-family","modifier_link=symposium","high","freestyle_trick_modifier_links"
"atomic_symposium_mirage","atomic-family","modifier_link=atomic","high","freestyle_trick_modifier_links"
"atomic_symposium_mirage","no-plant-while-symposium","modifier_link=symposium","high","execution-pattern rule"
"atomic_symposium_mirage","symposium-family","modifier_link=symposium","high","freestyle_trick_modifier_links"
"atomic_symposium_mirage","toe-ending","compound terminates in toe_stall via canonical-name pattern","medium","canonical-name heuristic"
"atomic_symposium_paradon","atomic-family","modifier_link=atomic","high","freestyle_trick_modifier_links"
"atomic_symposium_paradon","no-plant-while-symposium","modifier_link=symposium","high","execution-pattern rule"
"atomic_symposium_paradon","symposium-family","modifier_link=symposium","high","freestyle_trick_modifier_links"
"atomic_symposium_whirl","atomic-family","modifier_link=atomic","high","freestyle_trick_modifier_links"
"atomic_torque","atomic-family","modifier_link=atomic","high","freestyle_trick_modifier_links"
"atomic_torque","torque-rotational-topology","base_trick=torque","high","topology heuristic"
"atomic_whirl","atomic-family","modifier_link=atomic","high","freestyle_trick_modifier_links"
"atomic_whirl","front-spin-dex","base_trick=whirl","high","base_trick mapping"
"atomic_whirl","whirl-rotational-topology","base_trick=whirl","high","topology heuristic"
"atomic_zulu_mirage","atomic-family","modifier_link=atomic","high","freestyle_trick_modifier_links"
"atomic_zulu_mirage","hippy-in-dex","base_trick=mirage","high","base_trick mapping"
"atomic_zulu_mirage","mirage-topology","base_trick=mirage","high","topology heuristic"
"atomic_zulu_mirage","toe-ending","compound terminates in toe_stall via canonical-name pattern","medium","canonical-name heuristic"
"avalanche","stepping-family","modifier_link=stepping","high","freestyle_trick_modifier_links"
"backside_symposium_smear","no-plant-while-symposium","modifier_link=symposium","high","execution-pattern rule"
"backside_symposium_smear","symposium-family","modifier_link=symposium","high","freestyle_trick_modifier_links"
"backside_symposium_smear","toe-ending","compound terminates in toe_stall via canonical-name pattern","medium","canonical-name heuristic"
"barfly","barfly-double-loop-topology","base_trick=barfly","high","topology heuristic"
"barfly","double-dex-clipper-ending","barfly is double-dex+clip exemplar","high","execution-pattern rule"
"barfly","double-dex-topology","barrage/barfly canonical double-dex pattern","high","topology heuristic"
"barfly_swirl","back-spin-dex","base_trick=swirl","high","base_trick mapping"
"barfly_swirl","swirl-rotational-topology","base_trick=swirl","high","topology heuristic"
"barfry","double-dex-clipper-ending","barfry is double-dex+clip exemplar","high","execution-pattern rule"
"barfry","double-dex-topology","barrage/barfly canonical double-dex pattern","high","topology heuristic"
"barfry","nuclear-family","modifier_link=nuclear","high","freestyle_trick_modifier_links"
"barrage","double-dex-clipper-ending","barrage is double-dex+clip exemplar","high","execution-pattern rule"
"barrage","double-dex-topology","barrage/barfly canonical double-dex pattern","high","topology heuristic"
"barraging_barfly","barfly-double-loop-topology","base_trick=barfly","high","topology heuristic"
"barraging_barfly","double-dex-topology","barrage/barfly canonical double-dex pattern","high","topology heuristic"
"barraging_barfly","furious-family","modifier_link=furious","high","freestyle_trick_modifier_links"
"barraging_barfly_swirl","double-dex-topology","barrage/barfly canonical double-dex pattern","high","topology heuristic"
"barraging_barfly_swirl","furious-family","modifier_link=furious","high","freestyle_trick_modifier_links"
"barraging_butterfly","butterfly-wing-topology","base_trick=butterfly","high","topology heuristic"
"barraging_butterfly","clipper-ending","compound terminates in clipper_stall via wing-motion or canonical-name pattern","medium","canonical-name heuristic"
"barraging_butterfly","double-dex-topology","barrage/barfly canonical double-dex pattern","high","topology heuristic"
"barraging_butterfly","furious-family","modifier_link=furious","high","freestyle_trick_modifier_links"
"barraging_butterfly","wing-motion-dex","base_trick=butterfly","high","base_trick mapping"
"barraging_butterfly_swirl","clipper-ending","compound terminates in clipper_stall via wing-motion or canonical-name pattern","medium","canonical-name heuristic"
"barraging_butterfly_swirl","double-dex-topology","barrage/barfly canonical double-dex pattern","high","topology heuristic"
"barraging_butterfly_swirl","furious-family","modifier_link=furious","high","freestyle_trick_modifier_links"
"barraging_double_leg_over","double-dex-topology","barrage/barfly canonical double-dex pattern","high","topology heuristic"
"barraging_double_leg_over","furious-family","modifier_link=furious","high","freestyle_trick_modifier_links"
"barraging_drifter","double-dex-topology","barrage/barfly canonical double-dex pattern","high","topology heuristic"
"barraging_drifter","drifter-miraging-clipper-topology","base_trick=drifter","high","topology heuristic"
"barraging_drifter","furious-family","modifier_link=furious","high","freestyle_trick_modifier_links"
"barraging_eggbeater","double-dex-topology","barrage/barfly canonical double-dex pattern","high","topology heuristic"
"barraging_eggbeater","furious-family","modifier_link=furious","high","freestyle_trick_modifier_links"
"barraging_illusion","double-dex-topology","barrage/barfly canonical double-dex pattern","high","topology heuristic"
"barraging_illusion","furious-family","modifier_link=furious","high","freestyle_trick_modifier_links"
"barraging_illusion","hippy-out-dex","base_trick=illusion","high","base_trick mapping"
"barraging_illusion","illusion-topology","base_trick=illusion","high","topology heuristic"
"barraging_legover","double-dex-topology","barrage/barfly canonical double-dex pattern","high","topology heuristic"
"barraging_legover","furious-family","modifier_link=furious","high","freestyle_trick_modifier_links"
"barraging_legover","leggy-pass","base_trick=legover","high","base_trick mapping"
"barraging_legover","legover-topology","base_trick=legover","high","topology heuristic"
"barraging_mirage","double-dex-topology","barrage/barfly canonical double-dex pattern","high","topology heuristic"
"barraging_mirage","furious-family","modifier_link=furious","high","freestyle_trick_modifier_links"
"barraging_mirage","hippy-in-dex","base_trick=mirage","high","base_trick mapping"
"barraging_mirage","mirage-topology","base_trick=mirage","high","topology heuristic"
"barraging_mirage","toe-ending","compound terminates in toe_stall via canonical-name pattern","medium","canonical-name heuristic"
"barraging_osis","double-dex-topology","barrage/barfly canonical double-dex pattern","high","topology heuristic"
"barraging_osis","furious-family","modifier_link=furious","high","freestyle_trick_modifier_links"
"barraging_osis","osis-rotational-topology","base_trick=osis","high","topology heuristic"
"barraging_pickup","double-dex-topology","barrage/barfly canonical double-dex pattern","high","topology heuristic"
"barraging_pickup","furious-family","modifier_link=furious","high","freestyle_trick_modifier_links"
"barraging_pickup","pickup-topology","base_trick=pickup","high","topology heuristic"
"barraging_pickup","under-foot-scoop","base_trick=pickup","high","base_trick mapping"
"barraging_symposium_eggbeater","double-dex-topology","barrage/barfly canonical double-dex pattern","high","topology heuristic"
"barraging_symposium_eggbeater","furious-family","modifier_link=furious","high","freestyle_trick_modifier_links"
"barraging_symposium_eggbeater","no-plant-while-symposium","modifier_link=symposium","high","execution-pattern rule"
"barraging_symposium_eggbeater","symposium-family","modifier_link=symposium","high","freestyle_trick_modifier_links"
"barraging_symposium_legover","double-dex-topology","barrage/barfly canonical double-dex pattern","high","topology heuristic"
"barraging_symposium_legover","furious-family","modifier_link=furious","high","freestyle_trick_modifier_links"
"barraging_symposium_legover","leggy-pass","base_trick=legover","high","base_trick mapping"
"barraging_symposium_legover","legover-topology","base_trick=legover","high","topology heuristic"
"barraging_symposium_legover","no-plant-while-symposium","modifier_link=symposium","high","execution-pattern rule"
"barraging_symposium_legover","symposium-family","modifier_link=symposium","high","freestyle_trick_modifier_links"
"big_apple","gyro-family","modifier_link=gyro","high","freestyle_trick_modifier_links"
"big_apple","no-plant-while-symposium","modifier_link=symposium","high","execution-pattern rule"
"big_apple","symposium-family","modifier_link=symposium","high","freestyle_trick_modifier_links"
"big_apple","torque-rotational-topology","base_trick=torque","high","topology heuristic"
"big_apple_sauce","no-plant-while-symposium","modifier_link=symposium","high","execution-pattern rule"
"big_apple_sauce","paradox-family","modifier_link=paradox","high","freestyle_trick_modifier_links"
"big_apple_sauce","spinning-family","modifier_link=spinning","high","freestyle_trick_modifier_links"
"big_apple_sauce","symposium-family","modifier_link=symposium","high","freestyle_trick_modifier_links"
"big_apple_sauce","torque-rotational-topology","base_trick=torque","high","topology heuristic"
"big_papa_smurf","blender-rotational-topology","base_trick=blender","high","topology heuristic"
"bigwalk","butterfly-wing-topology","base_trick=butterfly","high","topology heuristic"
"bigwalk","clipper-ending","compound terminates in clipper_stall via wing-motion or canonical-name pattern","medium","canonical-name heuristic"
"bigwalk","spinning-family","modifier_link=spinning","high","freestyle_trick_modifier_links"
"bigwalk","stepping-family","modifier_link=stepping","high","freestyle_trick_modifier_links"
"bigwalk","uptime-dex-downtime-butterfly","spinning/stepping + butterfly archetype","high","execution-pattern rule"
"bigwalk","wing-motion-dex","base_trick=butterfly","high","base_trick mapping"
"blackula","no-plant-while-symposium","modifier_link=symposium","high","execution-pattern rule"
"blackula","symposium-family","modifier_link=symposium","high","freestyle_trick_modifier_links"
"blaze","hippy-in-dex","base_trick=mirage","high","base_trick mapping"
"blaze","mirage-topology","base_trick=mirage","high","topology heuristic"
"blazing_butterfly","butterfly-wing-topology","base_trick=butterfly","high","topology heuristic"
"blazing_butterfly","clipper-ending","compound terminates in clipper_stall via wing-motion or canonical-name pattern","medium","canonical-name heuristic"
"blazing_butterfly","wing-motion-dex","base_trick=butterfly","high","base_trick mapping"
"blazing_drifter","drifter-miraging-clipper-topology","base_trick=drifter","high","topology heuristic"
"blazing_illusion","hippy-out-dex","base_trick=illusion","high","base_trick mapping"
"blazing_illusion","illusion-topology","base_trick=illusion","high","topology heuristic"
"blazing_legover","leggy-pass","base_trick=legover","high","base_trick mapping"
"blazing_legover","legover-topology","base_trick=legover","high","topology heuristic"
"blazing_mirage","hippy-in-dex","base_trick=mirage","high","base_trick mapping"
"blazing_mirage","mirage-topology","base_trick=mirage","high","topology heuristic"
"blazing_mirage","toe-ending","compound terminates in toe_stall via canonical-name pattern","medium","canonical-name heuristic"
"blazing_paradox_whirl","paradox-family","modifier_link=paradox","high","freestyle_trick_modifier_links"
"blazing_symposium_mirage","no-plant-while-symposium","modifier_link=symposium","high","execution-pattern rule"
"blazing_symposium_mirage","symposium-family","modifier_link=symposium","high","freestyle_trick_modifier_links"
"blazing_symposium_mirage","toe-ending","compound terminates in toe_stall via canonical-name pattern","medium","canonical-name heuristic"
"blazing_torque","torque-rotational-topology","base_trick=torque","high","topology heuristic"
"blender","osis-rotational-topology","base_trick=osis","high","topology heuristic"
"blender_same_side","blender-rotational-topology","base_trick=blender","high","topology heuristic"
"bling_blang","front-spin-dex","base_trick=whirl","high","base_trick mapping"
"bling_blang","whirl-rotational-topology","base_trick=whirl","high","topology heuristic"
"bling_blang","whirling-family","modifier_link=whirling","high","freestyle_trick_modifier_links"
"blister","hippy-in-dex","base_trick=mirage","high","base_trick mapping"
"blister","mirage-topology","base_trick=mirage","high","topology heuristic"
"blistering_whirl","front-spin-dex","base_trick=whirl","high","base_trick mapping"
"blistering_whirl","whirl-rotational-topology","base_trick=whirl","high","topology heuristic"
"blizzard","hippy-out-dex","base_trick=illusion","high","base_trick mapping"
"blizzard","illusion-topology","base_trick=illusion","high","topology heuristic"
"blur","blurry-family","modifier_link=blurry","high","freestyle_trick_modifier_links"
"blur","hippy-in-dex","base_trick=mirage","high","base_trick mapping"
"blur","mirage-topology","base_trick=mirage","high","topology heuristic"
"blur","toe-ending","compound terminates in toe_stall via canonical-name pattern","medium","canonical-name heuristic"
"blurrage","toe-ending","compound terminates in toe_stall via canonical-name pattern","medium","canonical-name heuristic"
"blurrier","hippy-in-dex","base_trick=mirage","high","base_trick mapping"
"blurrier","mirage-topology","base_trick=mirage","high","topology heuristic"
"blurrier","toe-ending","compound terminates in toe_stall via canonical-name pattern","medium","canonical-name heuristic"
"blurriest","barfly-double-loop-topology","base_trick=barfly","high","topology heuristic"
"blurriest","blurry-family","modifier_link=blurry","high","freestyle_trick_modifier_links"
"blurriest","toe-ending","compound terminates in toe_stall via canonical-name pattern","medium","canonical-name heuristic"
"blurry_drifter","toe-ending","compound terminates in toe_stall via canonical-name pattern","medium","canonical-name heuristic"
"blurry_symposium_whirl","toe-ending","compound terminates in toe_stall via canonical-name pattern","medium","canonical-name heuristic"
"blurry_torque","blurry-family","modifier_link=blurry","high","freestyle_trick_modifier_links"
"blurry_torque","toe-ending","compound terminates in toe_stall via canonical-name pattern","medium","canonical-name heuristic"
"blurry_torque","torque-rotational-topology","base_trick=torque","high","topology heuristic"
"blurry_whirl","blurry-family","modifier_link=blurry","high","freestyle_trick_modifier_links"
"blurry_whirl","front-spin-dex","base_trick=whirl","high","base_trick mapping"
"blurry_whirl","toe-ending","compound terminates in toe_stall via canonical-name pattern","medium","canonical-name heuristic"
"blurry_whirl","whirl-rotational-topology","base_trick=whirl","high","topology heuristic"
"blurry_whirling_swirl","blurry-family","modifier_link=blurry","high","freestyle_trick_modifier_links"
"blurry_whirling_swirl","toe-ending","compound terminates in toe_stall via canonical-name pattern","medium","canonical-name heuristic"
"bubba","hippy-out-dex","base_trick=illusion","high","base_trick mapping"
"bubba","illusion-topology","base_trick=illusion","high","topology heuristic"
"bullwhip","stated-ADD-without-stated-structure","CANONICALIZATION_POLICY §3.2","high","execution-pattern rule"
"butterfly","butterfly-wing-topology","base_trick=butterfly","high","topology heuristic"
"butterfly","clipper-ending","compound terminates in clipper_stall via wing-motion or canonical-name pattern","medium","canonical-name heuristic"
"butterfly","wing-motion-dex","base_trick=butterfly","high","base_trick mapping"
"butterfly_dragon","butterfly-wing-topology","base_trick=butterfly","high","topology heuristic"
"butterfly_dragon","clipper-ending","compound terminates in clipper_stall via wing-motion or canonical-name pattern","medium","canonical-name heuristic"
"butterfly_dragon","wing-motion-dex","base_trick=butterfly","high","base_trick mapping"
"butterfly_flapper","clipper-ending","compound terminates in clipper_stall via wing-motion or canonical-name pattern","medium","canonical-name heuristic"
"butterfly_gyro_toe","butterfly-wing-topology","base_trick=butterfly","high","topology heuristic"
"butterfly_gyro_toe","clipper-ending","compound terminates in clipper_stall via wing-motion or canonical-name pattern","medium","canonical-name heuristic"
"butterfly_gyro_toe","gyro-family","modifier_link=gyro","high","freestyle_trick_modifier_links"
"butterfly_gyro_toe","toe-ending","compound terminates in toe_stall via canonical-name pattern","medium","canonical-name heuristic"
"butterfly_gyro_toe","wing-motion-dex","base_trick=butterfly","high","base_trick mapping"
"butterfly_kick","butterfly-wing-topology","base_trick=butterfly","high","topology heuristic"
"butterfly_kick","clipper-ending","compound terminates in clipper_stall via wing-motion or canonical-name pattern","medium","canonical-name heuristic"
"butterfly_kick","wing-motion-dex","base_trick=butterfly","high","base_trick mapping"
"butterfly_reverse_swirl","clipper-ending","compound terminates in clipper_stall via wing-motion or canonical-name pattern","medium","canonical-name heuristic"
"butterfly_same_side","butterfly-wing-topology","base_trick=butterfly","high","topology heuristic"
"butterfly_same_side","clipper-ending","compound terminates in clipper_stall via wing-motion or canonical-name pattern","medium","canonical-name heuristic"
"butterfly_same_side","wing-motion-dex","base_trick=butterfly","high","base_trick mapping"
"butterfly_swirl","back-spin-dex","base_trick=swirl","high","base_trick mapping"
"butterfly_swirl","clipper-ending","compound terminates in clipper_stall via wing-motion or canonical-name pattern","medium","canonical-name heuristic"
"butterfly_swirl","swirl-rotational-topology","base_trick=swirl","high","topology heuristic"
"cheese_processor","blender-rotational-topology","base_trick=blender","high","topology heuristic"
"cheese_processor","ducking-family","modifier_link=ducking","high","freestyle_trick_modifier_links"
"cheese_processor","spinning-family","modifier_link=spinning","high","freestyle_trick_modifier_links"
"cheese_processor","stepping-family","modifier_link=stepping","high","freestyle_trick_modifier_links"
"clipper","clipper-ending","compound terminates in clipper_stall via wing-motion or canonical-name pattern","medium","canonical-name heuristic"
"clipper","stall-1add-topology","1-ADD primitive contact/stall","high","topology heuristic"
"clipper_diving_whirl","clipper-ending","compound terminates in clipper_stall via wing-motion or canonical-name pattern","medium","canonical-name heuristic"
"clipper_diving_whirl","diving-family","modifier_link=diving","high","freestyle_trick_modifier_links"
"clipper_diving_whirl","front-spin-dex","base_trick=whirl","high","base_trick mapping"
"clipper_diving_whirl","whirl-rotational-topology","base_trick=whirl","high","topology heuristic"
"clipper_ducking_blender","blender-rotational-topology","base_trick=blender","high","topology heuristic"
"clipper_ducking_blender","clipper-ending","compound terminates in clipper_stall via wing-motion or canonical-name pattern","medium","canonical-name heuristic"
"clipper_ducking_blender","ducking-family","modifier_link=ducking","high","freestyle_trick_modifier_links"
"clipper_ducking_drifter","clipper-ending","compound terminates in clipper_stall via wing-motion or canonical-name pattern","medium","canonical-name heuristic"
"clipper_ducking_drifter","drifter-miraging-clipper-topology","base_trick=drifter","high","topology heuristic"
"clipper_ducking_drifter","ducking-family","modifier_link=ducking","high","freestyle_trick_modifier_links"
"clipper_ducking_symposium_whirl","clipper-ending","compound terminates in clipper_stall via wing-motion or canonical-name pattern","medium","canonical-name heuristic"
"clipper_ducking_symposium_whirl","ducking-family","modifier_link=ducking","high","freestyle_trick_modifier_links"
"clipper_ducking_symposium_whirl","front-spin-dex","base_trick=whirl","high","base_trick mapping"
"clipper_ducking_symposium_whirl","no-plant-while-symposium","modifier_link=symposium","high","execution-pattern rule"
"clipper_ducking_symposium_whirl","symposium-family","modifier_link=symposium","high","freestyle_trick_modifier_links"
"clipper_ducking_symposium_whirl","whirl-rotational-topology","base_trick=whirl","high","topology heuristic"
"clipper_ducking_whirl","clipper-ending","compound terminates in clipper_stall via wing-motion or canonical-name pattern","medium","canonical-name heuristic"
"clipper_ducking_whirl","ducking-family","modifier_link=ducking","high","freestyle_trick_modifier_links"
"clipper_ducking_whirl","front-spin-dex","base_trick=whirl","high","base_trick mapping"
"clipper_ducking_whirl","whirl-rotational-topology","base_trick=whirl","high","topology heuristic"
"clipper_stall","clipper-ending","compound terminates in clipper_stall via wing-motion or canonical-name pattern","medium","canonical-name heuristic"
"clipper_symposium_whirl","clipper-ending","compound terminates in clipper_stall via wing-motion or canonical-name pattern","medium","canonical-name heuristic"
"clipper_symposium_whirl","front-spin-dex","base_trick=whirl","high","base_trick mapping"
"clipper_symposium_whirl","no-plant-while-symposium","modifier_link=symposium","high","execution-pattern rule"
"clipper_symposium_whirl","symposium-family","modifier_link=symposium","high","freestyle_trick_modifier_links"
"clipper_symposium_whirl","whirl-rotational-topology","base_trick=whirl","high","topology heuristic"
"cloud_kick","stall-1add-topology","1-ADD primitive contact/stall","high","topology heuristic"
"cold_fusion","paradox-family","modifier_link=paradox","high","freestyle_trick_modifier_links"
"dada_curve_swirl","back-spin-dex","base_trick=swirl","high","base_trick mapping"
"dada_curve_swirl","swirl-rotational-topology","base_trick=swirl","high","topology heuristic"
"darkwalk","butterfly-wing-topology","base_trick=butterfly","high","topology heuristic"
"darkwalk","clipper-ending","compound terminates in clipper_stall via wing-motion or canonical-name pattern","medium","canonical-name heuristic"
"darkwalk","wing-motion-dex","base_trick=butterfly","high","base_trick mapping"
"dimmiest","pixie-family","modifier_link=pixie","high","freestyle_trick_modifier_links"
"dimwalk","butterfly-wing-topology","base_trick=butterfly","high","topology heuristic"
"dimwalk","clipper-ending","compound terminates in clipper_stall via wing-motion or canonical-name pattern","medium","canonical-name heuristic"
"dimwalk","pixie-family","modifier_link=pixie","high","freestyle_trick_modifier_links"
"dimwalk","uptime-dex-downtime-butterfly","pixie + butterfly archetype","high","execution-pattern rule"
"dimwalk","wing-motion-dex","base_trick=butterfly","high","base_trick mapping"
"diving_butterfly","butterfly-wing-topology","base_trick=butterfly","high","topology heuristic"
"diving_butterfly","clipper-ending","compound terminates in clipper_stall via wing-motion or canonical-name pattern","medium","canonical-name heuristic"
"diving_butterfly","diving-family","modifier_link=diving","high","freestyle_trick_modifier_links"
"diving_butterfly","wing-motion-dex","base_trick=butterfly","high","base_trick mapping"
"diving_clipper","clipper-ending","compound terminates in clipper_stall via wing-motion or canonical-name pattern","medium","canonical-name heuristic"
"diving_clipper","diving-family","modifier_link=diving","high","freestyle_trick_modifier_links"
"diving_drifter","diving-family","modifier_link=diving","high","freestyle_trick_modifier_links"
"diving_drifter","drifter-miraging-clipper-topology","base_trick=drifter","high","topology heuristic"
"diving_eclipse","clipper-ending","compound terminates in clipper_stall via wing-motion or canonical-name pattern","medium","canonical-name heuristic"
"diving_eclipse","diving-family","modifier_link=diving","high","freestyle_trick_modifier_links"
"diving_guay","diving-family","modifier_link=diving","high","freestyle_trick_modifier_links"
"diving_illusion","diving-family","modifier_link=diving","high","freestyle_trick_modifier_links"
"diving_illusion","hippy-out-dex","base_trick=illusion","high","base_trick mapping"
"diving_illusion","illusion-topology","base_trick=illusion","high","topology heuristic"
"diving_legover","diving-family","modifier_link=diving","high","freestyle_trick_modifier_links"
"diving_legover","leggy-pass","base_trick=legover","high","base_trick mapping"
"diving_legover","legover-topology","base_trick=legover","high","topology heuristic"
"diving_mirage","diving-family","modifier_link=diving","high","freestyle_trick_modifier_links"
"diving_mirage","hippy-in-dex","base_trick=mirage","high","base_trick mapping"
"diving_mirage","mirage-topology","base_trick=mirage","high","topology heuristic"
"diving_mirage","toe-ending","compound terminates in toe_stall via canonical-name pattern","medium","canonical-name heuristic"
"diving_osis","diving-family","modifier_link=diving","high","freestyle_trick_modifier_links"
"diving_osis","osis-rotational-topology","base_trick=osis","high","topology heuristic"
"diving_pickup","diving-family","modifier_link=diving","high","freestyle_trick_modifier_links"
"diving_pickup","pickup-topology","base_trick=pickup","high","topology heuristic"
"diving_pickup","under-foot-scoop","base_trick=pickup","high","base_trick mapping"
"diving_reverse_guay","diving-family","modifier_link=diving","high","freestyle_trick_modifier_links"
"diving_reverse_swirl","back-spin-dex","base_trick=swirl","high","base_trick mapping"
"diving_reverse_swirl","diving-family","modifier_link=diving","high","freestyle_trick_modifier_links"
"diving_reverse_swirl","swirl-rotational-topology","base_trick=swirl","high","topology heuristic"
"diving_smudge","diving-family","modifier_link=diving","high","freestyle_trick_modifier_links"
"diving_swirl","back-spin-dex","base_trick=swirl","high","base_trick mapping"
"diving_swirl","diving-family","modifier_link=diving","high","freestyle_trick_modifier_links"
"diving_swirl","swirl-rotational-topology","base_trick=swirl","high","topology heuristic"
"diving_symposium_mirage","diving-family","modifier_link=diving","high","freestyle_trick_modifier_links"
"diving_symposium_mirage","toe-ending","compound terminates in toe_stall via canonical-name pattern","medium","canonical-name heuristic"
"diving_symposium_whirl","diving-family","modifier_link=diving","high","freestyle_trick_modifier_links"
"diving_symposium_whirl","no-plant-while-symposium","modifier_link=symposium","high","execution-pattern rule"
"diving_symposium_whirl","symposium-family","modifier_link=symposium","high","freestyle_trick_modifier_links"
"diving_toe_stall","diving-family","modifier_link=diving","high","freestyle_trick_modifier_links"
"diving_toe_stall","toe-ending","compound terminates in toe_stall via canonical-name pattern","medium","canonical-name heuristic"
"diving_whirl","diving-family","modifier_link=diving","high","freestyle_trick_modifier_links"
"diving_whirl","front-spin-dex","base_trick=whirl","high","base_trick mapping"
"diving_whirl","whirl-rotational-topology","base_trick=whirl","high","topology heuristic"
"dorshanatrix","hippy-in-dex","base_trick=mirage","high","base_trick mapping"
"dorshanatrix","mirage-topology","base_trick=mirage","high","topology heuristic"
"dorshanatrix","no-plant-while-symposium","modifier_link=symposium","high","execution-pattern rule"
"dorshanatrix","symposium-family","modifier_link=symposium","high","freestyle_trick_modifier_links"
"double_around_the_world","productive-multiplicity-stabilized","pt8 §10 community-stabilized doubling","high","execution-pattern rule"
"double_blender","blender-rotational-topology","base_trick=blender","high","topology heuristic"
"double_illusion","hippy-out-dex","base_trick=illusion","high","base_trick mapping"
"double_illusion","illusion-topology","base_trick=illusion","high","topology heuristic"
"double_kick","stall-1add-topology","1-ADD primitive contact/stall","high","topology heuristic"
"double_knee","stall-1add-topology","1-ADD primitive contact/stall","high","topology heuristic"
"double_leg_over","productive-multiplicity-stabilized","pt8 §10 community-stabilized doubling","high","execution-pattern rule"
"double_pickup","pickup-topology","base_trick=pickup","high","topology heuristic"
"double_pickup","under-foot-scoop","base_trick=pickup","high","base_trick mapping"
"double_pixie","pixie-family","modifier_link=pixie","high","freestyle_trick_modifier_links"
"double_spin","productive-multiplicity-stabilized","pt8 §10 community-stabilized doubling","high","execution-pattern rule"
"double_spinning_butterfly","clipper-ending","compound terminates in clipper_stall via wing-motion or canonical-name pattern","medium","canonical-name heuristic"
"double_spinning_butterfly","spinning-family","modifier_link=spinning","high","freestyle_trick_modifier_links"
"double_spinning_clipper","clipper-ending","compound terminates in clipper_stall via wing-motion or canonical-name pattern","medium","canonical-name heuristic"
"double_spinning_clipper","spinning-family","modifier_link=spinning","high","freestyle_trick_modifier_links"
"double_spinning_mirage","spinning-family","modifier_link=spinning","high","freestyle_trick_modifier_links"
"double_spinning_mirage","toe-ending","compound terminates in toe_stall via canonical-name pattern","medium","canonical-name heuristic"
"double_spinning_osis","spinning-family","modifier_link=spinning","high","freestyle_trick_modifier_links"
"double_spinning_whirl","spinning-family","modifier_link=spinning","high","freestyle_trick_modifier_links"
"double_swirl_dragon","back-spin-dex","base_trick=swirl","high","base_trick mapping"
"double_swirl_dragon","swirl-rotational-topology","base_trick=swirl","high","topology heuristic"
"double_switch_over","leggy-pass","base_trick=legover","high","base_trick mapping"
"double_switch_over","legover-topology","base_trick=legover","high","topology heuristic"
"double_whirl","front-spin-dex","base_trick=whirl","high","base_trick mapping"
"double_whirl","whirl-rotational-topology","base_trick=whirl","high","topology heuristic"
"drifter","directional-reverse-pair","drifter is anchor of direction-variant pair","high","execution-pattern rule"
"drifter_swirl","back-spin-dex","base_trick=swirl","high","base_trick mapping"
"drifter_swirl","swirl-rotational-topology","base_trick=swirl","high","topology heuristic"
"ducking_barfly","barfly-double-loop-topology","base_trick=barfly","high","topology heuristic"
"ducking_barfly","ducking-family","modifier_link=ducking","high","freestyle_trick_modifier_links"
"ducking_butterfly","butterfly-wing-topology","base_trick=butterfly","high","topology heuristic"
"ducking_butterfly","clipper-ending","compound terminates in clipper_stall via wing-motion or canonical-name pattern","medium","canonical-name heuristic"
"ducking_butterfly","ducking-family","modifier_link=ducking","high","freestyle_trick_modifier_links"
"ducking_butterfly","uptime-dex-downtime-butterfly","ducking + butterfly archetype","high","execution-pattern rule"
"ducking_butterfly","wing-motion-dex","base_trick=butterfly","high","base_trick mapping"
"ducking_butterfly_swirl","clipper-ending","compound terminates in clipper_stall via wing-motion or canonical-name pattern","medium","canonical-name heuristic"
"ducking_butterfly_swirl","ducking-family","modifier_link=ducking","high","freestyle_trick_modifier_links"
"ducking_clipper","clipper-ending","compound terminates in clipper_stall via wing-motion or canonical-name pattern","medium","canonical-name heuristic"
"ducking_clipper","ducking-family","modifier_link=ducking","high","freestyle_trick_modifier_links"
"ducking_double_leg_over","ducking-family","modifier_link=ducking","high","freestyle_trick_modifier_links"
"ducking_drifter","drifter-miraging-clipper-topology","base_trick=drifter","high","topology heuristic"
"ducking_drifter","ducking-family","modifier_link=ducking","high","freestyle_trick_modifier_links"
"ducking_eclipse","clipper-ending","compound terminates in clipper_stall via wing-motion or canonical-name pattern","medium","canonical-name heuristic"
"ducking_eclipse","ducking-family","modifier_link=ducking","high","freestyle_trick_modifier_links"
"ducking_guay","ducking-family","modifier_link=ducking","high","freestyle_trick_modifier_links"
"ducking_illusion","ducking-family","modifier_link=ducking","high","freestyle_trick_modifier_links"
"ducking_illusion","hippy-out-dex","base_trick=illusion","high","base_trick mapping"
"ducking_illusion","illusion-topology","base_trick=illusion","high","topology heuristic"
"ducking_legover","ducking-family","modifier_link=ducking","high","freestyle_trick_modifier_links"
"ducking_legover","leggy-pass","base_trick=legover","high","base_trick mapping"
"ducking_legover","legover-topology","base_trick=legover","high","topology heuristic"
"ducking_mirage","ducking-family","modifier_link=ducking","high","freestyle_trick_modifier_links"
"ducking_mirage","hippy-in-dex","base_trick=mirage","high","base_trick mapping"
"ducking_mirage","mirage-topology","base_trick=mirage","high","topology heuristic"
"ducking_mirage","toe-ending","compound terminates in toe_stall via canonical-name pattern","medium","canonical-name heuristic"
"ducking_osis","ducking-family","modifier_link=ducking","high","freestyle_trick_modifier_links"
"ducking_osis","osis-rotational-topology","base_trick=osis","high","topology heuristic"
"ducking_osis","uptime-dex-downtime-osis","ducking + osis archetype","high","execution-pattern rule"
"ducking_paradox_blender","ducking-family","modifier_link=ducking","high","freestyle_trick_modifier_links"
"ducking_paradox_blender","paradox-family","modifier_link=paradox","high","freestyle_trick_modifier_links"
"ducking_paradox_drifter","ducking-family","modifier_link=ducking","high","freestyle_trick_modifier_links"
"ducking_paradox_drifter","paradox-family","modifier_link=paradox","high","freestyle_trick_modifier_links"
"ducking_paradox_flail","ducking-family","modifier_link=ducking","high","freestyle_trick_modifier_links"
"ducking_paradox_flail","paradox-family","modifier_link=paradox","high","freestyle_trick_modifier_links"
"ducking_paradox_illusion","ducking-family","modifier_link=ducking","high","freestyle_trick_modifier_links"
"ducking_paradox_illusion","paradox-family","modifier_link=paradox","high","freestyle_trick_modifier_links"
"ducking_paradox_mirage","ducking-family","modifier_link=ducking","high","freestyle_trick_modifier_links"
"ducking_paradox_mirage","paradox-family","modifier_link=paradox","high","freestyle_trick_modifier_links"
"ducking_paradox_mirage","toe-ending","compound terminates in toe_stall via canonical-name pattern","medium","canonical-name heuristic"
"ducking_paradox_symposium_illusion","ducking-family","modifier_link=ducking","high","freestyle_trick_modifier_links"
"ducking_paradox_symposium_illusion","no-plant-while-symposium","modifier_link=symposium","high","execution-pattern rule"
"ducking_paradox_symposium_illusion","paradox-family","modifier_link=paradox","high","freestyle_trick_modifier_links"
"ducking_paradox_symposium_illusion","symposium-family","modifier_link=symposium","high","freestyle_trick_modifier_links"
"ducking_paradox_symposium_mirage","ducking-family","modifier_link=ducking","high","freestyle_trick_modifier_links"
"ducking_paradox_symposium_mirage","no-plant-while-symposium","modifier_link=symposium","high","execution-pattern rule"
"ducking_paradox_symposium_mirage","paradox-family","modifier_link=paradox","high","freestyle_trick_modifier_links"
"ducking_paradox_symposium_mirage","symposium-family","modifier_link=symposium","high","freestyle_trick_modifier_links"
"ducking_paradox_symposium_mirage","toe-ending","compound terminates in toe_stall via canonical-name pattern","medium","canonical-name heuristic"
"ducking_paradox_symposium_whirl","ducking-family","modifier_link=ducking","high","freestyle_trick_modifier_links"
"ducking_paradox_symposium_whirl","no-plant-while-symposium","modifier_link=symposium","high","execution-pattern rule"
"ducking_paradox_symposium_whirl","paradox-family","modifier_link=paradox","high","freestyle_trick_modifier_links"
"ducking_paradox_symposium_whirl","symposium-family","modifier_link=symposium","high","freestyle_trick_modifier_links"
"ducking_paradox_torque","ducking-family","modifier_link=ducking","high","freestyle_trick_modifier_links"
"ducking_paradox_torque","paradox-family","modifier_link=paradox","high","freestyle_trick_modifier_links"
"ducking_pickup","ducking-family","modifier_link=ducking","high","freestyle_trick_modifier_links"
"ducking_pickup","pickup-topology","base_trick=pickup","high","topology heuristic"
"ducking_pickup","under-foot-scoop","base_trick=pickup","high","base_trick mapping"
"ducking_reverse_guay","ducking-family","modifier_link=ducking","high","freestyle_trick_modifier_links"
"ducking_symposium_mirage","ducking-family","modifier_link=ducking","high","freestyle_trick_modifier_links"
"ducking_symposium_mirage","no-plant-while-symposium","modifier_link=symposium","high","execution-pattern rule"
"ducking_symposium_mirage","symposium-family","modifier_link=symposium","high","freestyle_trick_modifier_links"
"ducking_symposium_mirage","toe-ending","compound terminates in toe_stall via canonical-name pattern","medium","canonical-name heuristic"
"ducking_symposium_reverse_whirl","ducking-family","modifier_link=ducking","high","freestyle_trick_modifier_links"
"ducking_toe_stall","ducking-family","modifier_link=ducking","high","freestyle_trick_modifier_links"
"ducking_toe_stall","toe-ending","compound terminates in toe_stall via canonical-name pattern","medium","canonical-name heuristic"
"ducking_whirl","ducking-family","modifier_link=ducking","high","freestyle_trick_modifier_links"
"ducking_whirl","front-spin-dex","base_trick=whirl","high","base_trick mapping"
"ducking_whirl","whirl-rotational-topology","base_trick=whirl","high","topology heuristic"
"eclipse","clipper-ending","compound terminates in clipper_stall via wing-motion or canonical-name pattern","medium","canonical-name heuristic"
"eclipse_same_side","clipper-ending","compound terminates in clipper_stall via wing-motion or canonical-name pattern","medium","canonical-name heuristic"
"eggbeater","atomic-family","modifier_link=atomic","high","freestyle_trick_modifier_links"
"eggbeater","leggy-pass","base_trick=legover","high","base_trick mapping"
"eggbeater","legover-topology","base_trick=legover","high","topology heuristic"
"fairy_barrage","double-dex-topology","barrage/barfly canonical double-dex pattern","high","topology heuristic"
"fairy_blender","blender-rotational-topology","base_trick=blender","high","topology heuristic"
"fairy_butterfly","butterfly-wing-topology","base_trick=butterfly","high","topology heuristic"
"fairy_butterfly","clipper-ending","compound terminates in clipper_stall via wing-motion or canonical-name pattern","medium","canonical-name heuristic"
"fairy_butterfly","wing-motion-dex","base_trick=butterfly","high","base_trick mapping"
"fairy_butterfly_swirl","clipper-ending","compound terminates in clipper_stall via wing-motion or canonical-name pattern","medium","canonical-name heuristic"
"fairy_clipper","clipper-ending","compound terminates in clipper_stall via wing-motion or canonical-name pattern","medium","canonical-name heuristic"
"fairy_drifter","drifter-miraging-clipper-topology","base_trick=drifter","high","topology heuristic"
"fairy_ducking_blender","blender-rotational-topology","base_trick=blender","high","topology heuristic"
"fairy_ducking_blender","ducking-family","modifier_link=ducking","high","freestyle_trick_modifier_links"
"fairy_ducking_butterfly","clipper-ending","compound terminates in clipper_stall via wing-motion or canonical-name pattern","medium","canonical-name heuristic"
"fairy_ducking_butterfly","ducking-family","modifier_link=ducking","high","freestyle_trick_modifier_links"
"fairy_ducking_clipper","clipper-ending","compound terminates in clipper_stall via wing-motion or canonical-name pattern","medium","canonical-name heuristic"
"fairy_ducking_clipper","ducking-family","modifier_link=ducking","high","freestyle_trick_modifier_links"
"fairy_ducking_double_leg_over","ducking-family","modifier_link=ducking","high","freestyle_trick_modifier_links"
"fairy_ducking_drifter","ducking-family","modifier_link=ducking","high","freestyle_trick_modifier_links"
"fairy_ducking_illusion","ducking-family","modifier_link=ducking","high","freestyle_trick_modifier_links"
"fairy_ducking_legover","ducking-family","modifier_link=ducking","high","freestyle_trick_modifier_links"
"fairy_ducking_osis","ducking-family","modifier_link=ducking","high","freestyle_trick_modifier_links"
"fairy_ducking_pickup","ducking-family","modifier_link=ducking","high","freestyle_trick_modifier_links"
"fairy_ducking_torque","ducking-family","modifier_link=ducking","high","freestyle_trick_modifier_links"
"fairy_ducking_torque","torque-rotational-topology","base_trick=torque","high","topology heuristic"
"fairy_ducking_whirl","ducking-family","modifier_link=ducking","high","freestyle_trick_modifier_links"
"fairy_eclipse","clipper-ending","compound terminates in clipper_stall via wing-motion or canonical-name pattern","medium","canonical-name heuristic"
"fairy_gyro_barrage","double-dex-topology","barrage/barfly canonical double-dex pattern","high","topology heuristic"
"fairy_gyro_barrage","gyro-family","modifier_link=gyro","high","freestyle_trick_modifier_links"
"fairy_gyro_butterfly","clipper-ending","compound terminates in clipper_stall via wing-motion or canonical-name pattern","medium","canonical-name heuristic"
"fairy_gyro_butterfly","gyro-family","modifier_link=gyro","high","freestyle_trick_modifier_links"
"fairy_gyro_double_leg_over","gyro-family","modifier_link=gyro","high","freestyle_trick_modifier_links"
"fairy_gyro_mirage","gyro-family","modifier_link=gyro","high","freestyle_trick_modifier_links"
"fairy_gyro_mirage","toe-ending","compound terminates in toe_stall via canonical-name pattern","medium","canonical-name heuristic"
"fairy_gyro_symposium_mirage","gyro-family","modifier_link=gyro","high","freestyle_trick_modifier_links"
"fairy_gyro_symposium_mirage","no-plant-while-symposium","modifier_link=symposium","high","execution-pattern rule"
"fairy_gyro_symposium_mirage","symposium-family","modifier_link=symposium","high","freestyle_trick_modifier_links"
"fairy_gyro_symposium_mirage","toe-ending","compound terminates in toe_stall via canonical-name pattern","medium","canonical-name heuristic"
"fairy_gyro_torque","gyro-family","modifier_link=gyro","high","freestyle_trick_modifier_links"
"fairy_gyro_torque","torque-rotational-topology","base_trick=torque","high","topology heuristic"
"fairy_gyro_whirl","gyro-family","modifier_link=gyro","high","freestyle_trick_modifier_links"
"fairy_illusion","hippy-out-dex","base_trick=illusion","high","base_trick mapping"
"fairy_illusion","illusion-topology","base_trick=illusion","high","topology heuristic"
"fairy_kick","stall-1add-topology","1-ADD primitive contact/stall","high","topology heuristic"
"fairy_legover","leggy-pass","base_trick=legover","high","base_trick mapping"
"fairy_legover","legover-topology","base_trick=legover","high","topology heuristic"
"fairy_mirage","hippy-in-dex","base_trick=mirage","high","base_trick mapping"
"fairy_mirage","mirage-topology","base_trick=mirage","high","topology heuristic"
"fairy_mirage","toe-ending","compound terminates in toe_stall via canonical-name pattern","medium","canonical-name heuristic"
"fairy_osis","osis-rotational-topology","base_trick=osis","high","topology heuristic"
"fairy_pickup","pickup-topology","base_trick=pickup","high","topology heuristic"
"fairy_pickup","under-foot-scoop","base_trick=pickup","high","base_trick mapping"
"fairy_reverse_swirl","back-spin-dex","base_trick=swirl","high","base_trick mapping"
"fairy_reverse_swirl","swirl-rotational-topology","base_trick=swirl","high","topology heuristic"
"fairy_same_side_mirage","hippy-in-dex","base_trick=mirage","high","base_trick mapping"
"fairy_same_side_mirage","mirage-topology","base_trick=mirage","high","topology heuristic"
"fairy_same_side_mirage","toe-ending","compound terminates in toe_stall via canonical-name pattern","medium","canonical-name heuristic"
"fairy_same_side_whirl","front-spin-dex","base_trick=whirl","high","base_trick mapping"
"fairy_same_side_whirl","whirl-rotational-topology","base_trick=whirl","high","topology heuristic"
"fairy_spinning_blender","spinning-family","modifier_link=spinning","high","freestyle_trick_modifier_links"
"fairy_spinning_butterfly","clipper-ending","compound terminates in clipper_stall via wing-motion or canonical-name pattern","medium","canonical-name heuristic"
"fairy_spinning_butterfly","spinning-family","modifier_link=spinning","high","freestyle_trick_modifier_links"
"fairy_spinning_double_over_down","spinning-family","modifier_link=spinning","high","freestyle_trick_modifier_links"
"fairy_spinning_illusion","spinning-family","modifier_link=spinning","high","freestyle_trick_modifier_links"
"fairy_spinning_mirage","spinning-family","modifier_link=spinning","high","freestyle_trick_modifier_links"
"fairy_spinning_mirage","toe-ending","compound terminates in toe_stall via canonical-name pattern","medium","canonical-name heuristic"
"fairy_spinning_osis","spinning-family","modifier_link=spinning","high","freestyle_trick_modifier_links"
"fairy_swirl","back-spin-dex","base_trick=swirl","high","base_trick mapping"
"fairy_swirl","swirl-rotational-topology","base_trick=swirl","high","topology heuristic"
"fairy_symposium_eggbeater","no-plant-while-symposium","modifier_link=symposium","high","execution-pattern rule"
"fairy_symposium_eggbeater","symposium-family","modifier_link=symposium","high","freestyle_trick_modifier_links"
"fairy_symposium_mirage","no-plant-while-symposium","modifier_link=symposium","high","execution-pattern rule"
"fairy_symposium_mirage","symposium-family","modifier_link=symposium","high","freestyle_trick_modifier_links"
"fairy_symposium_mirage","toe-ending","compound terminates in toe_stall via canonical-name pattern","medium","canonical-name heuristic"
"fairy_symposium_whirl","no-plant-while-symposium","modifier_link=symposium","high","execution-pattern rule"
"fairy_symposium_whirl","symposium-family","modifier_link=symposium","high","freestyle_trick_modifier_links"
"fairy_torque","torque-rotational-topology","base_trick=torque","high","topology heuristic"
"fairy_weaving_butterfly","clipper-ending","compound terminates in clipper_stall via wing-motion or canonical-name pattern","medium","canonical-name heuristic"
"fairy_weaving_clipper","clipper-ending","compound terminates in clipper_stall via wing-motion or canonical-name pattern","medium","canonical-name heuristic"
"fairy_weaving_mirage","toe-ending","compound terminates in toe_stall via canonical-name pattern","medium","canonical-name heuristic"
"fairy_whirl","front-spin-dex","base_trick=whirl","high","base_trick mapping"
"fairy_whirl","whirl-rotational-topology","base_trick=whirl","high","topology heuristic"
"fairy_zulu_butterfly","butterfly-wing-topology","base_trick=butterfly","high","topology heuristic"
"fairy_zulu_butterfly","clipper-ending","compound terminates in clipper_stall via wing-motion or canonical-name pattern","medium","canonical-name heuristic"
"fairy_zulu_butterfly","wing-motion-dex","base_trick=butterfly","high","base_trick mapping"
"fairy_zulu_mirage","hippy-in-dex","base_trick=mirage","high","base_trick mapping"
"fairy_zulu_mirage","mirage-topology","base_trick=mirage","high","topology heuristic"
"fairy_zulu_mirage","toe-ending","compound terminates in toe_stall via canonical-name pattern","medium","canonical-name heuristic"
"fender","blender-rotational-topology","base_trick=blender","high","topology heuristic"
"fender_bender","blender-rotational-topology","base_trick=blender","high","topology heuristic"
"feral","front-spin-dex","base_trick=whirl","high","base_trick mapping"
"feral","whirl-rotational-topology","base_trick=whirl","high","topology heuristic"
"flail","hippy-out-dex","base_trick=illusion","high","base_trick mapping"
"flail","illusion-topology","base_trick=illusion","high","topology heuristic"
"flail","no-plant-while-symposium","modifier_link=symposium","high","execution-pattern rule"
"flail","symposium-family","modifier_link=symposium","high","freestyle_trick_modifier_links"
"floatation","butterfly-wing-topology","base_trick=butterfly","high","topology heuristic"
"floatation","clipper-ending","compound terminates in clipper_stall via wing-motion or canonical-name pattern","medium","canonical-name heuristic"
"floatation","wing-motion-dex","base_trick=butterfly","high","base_trick mapping"
"floating_mirage","hippy-in-dex","base_trick=mirage","high","base_trick mapping"
"floating_mirage","mirage-topology","base_trick=mirage","high","topology heuristic"
"floating_mirage","toe-ending","compound terminates in toe_stall via canonical-name pattern","medium","canonical-name heuristic"
"flurry","leggy-pass","base_trick=legover","high","base_trick mapping"
"flurry","legover-topology","base_trick=legover","high","topology heuristic"
"flux","osis-rotational-topology","base_trick=osis","high","topology heuristic"
"flying_clipper","clipper-ending","compound terminates in clipper_stall via wing-motion or canonical-name pattern","medium","canonical-name heuristic"
"flying_fish","ducking-family","modifier_link=ducking","high","freestyle_trick_modifier_links"
"flying_fish","hippy-in-dex","base_trick=mirage","high","base_trick mapping"
"flying_fish","mirage-topology","base_trick=mirage","high","topology heuristic"
"flying_inside","stall-1add-topology","1-ADD primitive contact/stall","high","topology heuristic"
"flying_outside","stall-1add-topology","1-ADD primitive contact/stall","high","topology heuristic"
"fog","paradox-family","modifier_link=paradox","high","freestyle_trick_modifier_links"
"fog","stepping-family","modifier_link=stepping","high","freestyle_trick_modifier_links"
"food_processor","blender-rotational-topology","base_trick=blender","high","topology heuristic"
"food_processor","blurry-family","modifier_link=blurry","high","freestyle_trick_modifier_links"
"forehead_stall","stall-1add-topology","1-ADD primitive contact/stall","high","topology heuristic"
"forque","torque-rotational-topology","base_trick=torque","high","topology heuristic"
"fume","drifter-miraging-clipper-topology","base_trick=drifter","high","topology heuristic"
"fury","furious-family","modifier_link=furious","high","freestyle_trick_modifier_links"
"fury","hippy-in-dex","base_trick=mirage","high","base_trick mapping"
"fury","mirage-topology","base_trick=mirage","high","topology heuristic"
"fury","paradox-family","modifier_link=paradox","high","freestyle_trick_modifier_links"
"gauntlet","ducking-family","modifier_link=ducking","high","freestyle_trick_modifier_links"
"gauntlet","paradox-family","modifier_link=paradox","high","freestyle_trick_modifier_links"
"gauntlet","stepping-family","modifier_link=stepping","high","freestyle_trick_modifier_links"
"gauntlet","torque-rotational-topology","base_trick=torque","high","topology heuristic"
"genesis","front-spin-dex","base_trick=whirl","high","base_trick mapping"
"genesis","whirl-rotational-topology","base_trick=whirl","high","topology heuristic"
"genuphobia","no-plant-while-symposium","modifier_link=symposium","high","execution-pattern rule"
"genuphobia","symposium-family","modifier_link=symposium","high","freestyle_trick_modifier_links"
"genuphobia","torque-rotational-topology","base_trick=torque","high","topology heuristic"
"goliath","leggy-pass","base_trick=legover","high","base_trick mapping"
"goliath","legover-topology","base_trick=legover","high","topology heuristic"
"grave_digger","stepping-family","modifier_link=stepping","high","freestyle_trick_modifier_links"
"grave_digger","torque-rotational-topology","base_trick=torque","high","topology heuristic"
"gyro_barfly","barfly-double-loop-topology","base_trick=barfly","high","topology heuristic"
"gyro_barfly","gyro-family","modifier_link=gyro","high","freestyle_trick_modifier_links"
"gyro_barrage","double-dex-topology","barrage/barfly canonical double-dex pattern","high","topology heuristic"
"gyro_barrage","gyro-family","modifier_link=gyro","high","freestyle_trick_modifier_links"
"gyro_blender","blender-rotational-topology","base_trick=blender","high","topology heuristic"
"gyro_blender","gyro-family","modifier_link=gyro","high","freestyle_trick_modifier_links"
"gyro_butterfly","butterfly-wing-topology","base_trick=butterfly","high","topology heuristic"
"gyro_butterfly","clipper-ending","compound terminates in clipper_stall via wing-motion or canonical-name pattern","medium","canonical-name heuristic"
"gyro_butterfly","gyro-family","modifier_link=gyro","high","freestyle_trick_modifier_links"
"gyro_butterfly","wing-motion-dex","base_trick=butterfly","high","base_trick mapping"
"gyro_butterfly_swirl","clipper-ending","compound terminates in clipper_stall via wing-motion or canonical-name pattern","medium","canonical-name heuristic"
"gyro_butterfly_swirl","gyro-family","modifier_link=gyro","high","freestyle_trick_modifier_links"
"gyro_clipper","clipper-ending","compound terminates in clipper_stall via wing-motion or canonical-name pattern","medium","canonical-name heuristic"
"gyro_clipper","gyro-family","modifier_link=gyro","high","freestyle_trick_modifier_links"
"gyro_dada_curve","gyro-family","modifier_link=gyro","high","freestyle_trick_modifier_links"
"gyro_diving_butterfly","clipper-ending","compound terminates in clipper_stall via wing-motion or canonical-name pattern","medium","canonical-name heuristic"
"gyro_diving_butterfly","gyro-family","modifier_link=gyro","high","freestyle_trick_modifier_links"
"gyro_diving_clipper","clipper-ending","compound terminates in clipper_stall via wing-motion or canonical-name pattern","medium","canonical-name heuristic"
"gyro_diving_clipper","gyro-family","modifier_link=gyro","high","freestyle_trick_modifier_links"
"gyro_diving_symposium_torque","diving-family","modifier_link=diving","high","freestyle_trick_modifier_links"
"gyro_diving_symposium_torque","gyro-family","modifier_link=gyro","high","freestyle_trick_modifier_links"
"gyro_diving_symposium_torque","no-plant-while-symposium","modifier_link=symposium","high","execution-pattern rule"
"gyro_diving_symposium_torque","symposium-family","modifier_link=symposium","high","freestyle_trick_modifier_links"
"gyro_diving_symposium_torque","torque-rotational-topology","base_trick=torque","high","topology heuristic"
"gyro_double_leg_over","gyro-family","modifier_link=gyro","high","freestyle_trick_modifier_links"
"gyro_double_over_down","gyro-family","modifier_link=gyro","high","freestyle_trick_modifier_links"
"gyro_double_pickup","gyro-family","modifier_link=gyro","high","freestyle_trick_modifier_links"
"gyro_ducking_symposium_torque","ducking-family","modifier_link=ducking","high","freestyle_trick_modifier_links"
"gyro_ducking_symposium_torque","gyro-family","modifier_link=gyro","high","freestyle_trick_modifier_links"
"gyro_ducking_symposium_torque","no-plant-while-symposium","modifier_link=symposium","high","execution-pattern rule"
"gyro_ducking_symposium_torque","symposium-family","modifier_link=symposium","high","freestyle_trick_modifier_links"
"gyro_ducking_symposium_torque","torque-rotational-topology","base_trick=torque","high","topology heuristic"
"gyro_eclipse","clipper-ending","compound terminates in clipper_stall via wing-motion or canonical-name pattern","medium","canonical-name heuristic"
"gyro_eclipse","gyro-family","modifier_link=gyro","high","freestyle_trick_modifier_links"
"gyro_eggbeater","gyro-family","modifier_link=gyro","high","freestyle_trick_modifier_links"
"gyro_flail","gyro-family","modifier_link=gyro","high","freestyle_trick_modifier_links"
"gyro_guay","gyro-family","modifier_link=gyro","high","freestyle_trick_modifier_links"
"gyro_illusion","gyro-family","modifier_link=gyro","high","freestyle_trick_modifier_links"
"gyro_illusion","hippy-out-dex","base_trick=illusion","high","base_trick mapping"
"gyro_illusion","illusion-topology","base_trick=illusion","high","topology heuristic"
"gyro_legover","gyro-family","modifier_link=gyro","high","freestyle_trick_modifier_links"
"gyro_legover","leggy-pass","base_trick=legover","high","base_trick mapping"
"gyro_legover","legover-topology","base_trick=legover","high","topology heuristic"
"gyro_mirage","gyro-family","modifier_link=gyro","high","freestyle_trick_modifier_links"
"gyro_mirage","hippy-in-dex","base_trick=mirage","high","base_trick mapping"
"gyro_mirage","mirage-topology","base_trick=mirage","high","topology heuristic"
"gyro_mirage","toe-ending","compound terminates in toe_stall via canonical-name pattern","medium","canonical-name heuristic"
"gyro_osis","gyro-family","modifier_link=gyro","high","freestyle_trick_modifier_links"
"gyro_osis","osis-rotational-topology","base_trick=osis","high","topology heuristic"
"gyro_pickup","gyro-family","modifier_link=gyro","high","freestyle_trick_modifier_links"
"gyro_pickup","pickup-topology","base_trick=pickup","high","topology heuristic"
"gyro_pickup","under-foot-scoop","base_trick=pickup","high","base_trick mapping"
"gyro_reverse_guay","gyro-family","modifier_link=gyro","high","freestyle_trick_modifier_links"
"gyro_shooting_star","gyro-family","modifier_link=gyro","high","freestyle_trick_modifier_links"
"gyro_symposium_double_leg_over","gyro-family","modifier_link=gyro","high","freestyle_trick_modifier_links"
"gyro_symposium_double_leg_over","no-plant-while-symposium","modifier_link=symposium","high","execution-pattern rule"
"gyro_symposium_double_leg_over","symposium-family","modifier_link=symposium","high","freestyle_trick_modifier_links"
"gyro_symposium_mirage","gyro-family","modifier_link=gyro","high","freestyle_trick_modifier_links"
"gyro_symposium_mirage","no-plant-while-symposium","modifier_link=symposium","high","execution-pattern rule"
"gyro_symposium_mirage","symposium-family","modifier_link=symposium","high","freestyle_trick_modifier_links"
"gyro_symposium_mirage","toe-ending","compound terminates in toe_stall via canonical-name pattern","medium","canonical-name heuristic"
"gyro_symposium_swirl","gyro-family","modifier_link=gyro","high","freestyle_trick_modifier_links"
"gyro_symposium_swirl","no-plant-while-symposium","modifier_link=symposium","high","execution-pattern rule"
"gyro_symposium_swirl","symposium-family","modifier_link=symposium","high","freestyle_trick_modifier_links"
"gyro_symposium_torque","gyro-family","modifier_link=gyro","high","freestyle_trick_modifier_links"
"gyro_symposium_torque","no-plant-while-symposium","modifier_link=symposium","high","execution-pattern rule"
"gyro_symposium_torque","symposium-family","modifier_link=symposium","high","freestyle_trick_modifier_links"
"gyro_symposium_whirl","gyro-family","modifier_link=gyro","high","freestyle_trick_modifier_links"
"gyro_symposium_whirl","no-plant-while-symposium","modifier_link=symposium","high","execution-pattern rule"
"gyro_symposium_whirl","symposium-family","modifier_link=symposium","high","freestyle_trick_modifier_links"
"gyro_toe","gyro-family","modifier_link=gyro","high","freestyle_trick_modifier_links"
"gyro_toe","toe-ending","compound terminates in toe_stall via canonical-name pattern","medium","canonical-name heuristic"
"gyro_whirl","front-spin-dex","base_trick=whirl","high","base_trick mapping"
"gyro_whirl","gyro-family","modifier_link=gyro","high","freestyle_trick_modifier_links"
"gyro_whirl","whirl-rotational-topology","base_trick=whirl","high","topology heuristic"
"gyro_whirling_swirl","gyro-family","modifier_link=gyro","high","freestyle_trick_modifier_links"
"gyro_whirling_swirl","whirling-family","modifier_link=whirling","high","freestyle_trick_modifier_links"
"hatchet","diving-family","modifier_link=diving","high","freestyle_trick_modifier_links"
"hatchet","front-spin-dex","base_trick=whirl","high","base_trick mapping"
"hatchet","whirl-rotational-topology","base_trick=whirl","high","topology heuristic"
"haze","stepping-family","modifier_link=stepping","high","freestyle_trick_modifier_links"
"head_stall","stall-1add-topology","1-ADD primitive contact/stall","high","topology heuristic"
"hop_over_swirl","back-spin-dex","base_trick=swirl","high","base_trick mapping"
"hop_over_swirl","swirl-rotational-topology","base_trick=swirl","high","topology heuristic"
"hopover_swirl_dragon","back-spin-dex","base_trick=swirl","high","base_trick mapping"
"hopover_swirl_dragon","swirl-rotational-topology","base_trick=swirl","high","topology heuristic"
"hurl","nuclear-family","modifier_link=nuclear","high","freestyle_trick_modifier_links"
"id","ducking-family","modifier_link=ducking","high","freestyle_trick_modifier_links"
"illusion","hippy-out-dex","base_trick=illusion","high","base_trick mapping"
"illusion","illusion-topology","base_trick=illusion","high","topology heuristic"
"illusioning_kick","stall-1add-topology","1-ADD primitive contact/stall","high","topology heuristic"
"inside_stall","stall-1add-topology","1-ADD primitive contact/stall","high","topology heuristic"
"inspinning_butterfly","butterfly-wing-topology","base_trick=butterfly","high","topology heuristic"
"inspinning_butterfly","clipper-ending","compound terminates in clipper_stall via wing-motion or canonical-name pattern","medium","canonical-name heuristic"
"inspinning_butterfly","wing-motion-dex","base_trick=butterfly","high","base_trick mapping"
"inspinning_clipper","clipper-ending","compound terminates in clipper_stall via wing-motion or canonical-name pattern","medium","canonical-name heuristic"
"inspinning_illusion","hippy-out-dex","base_trick=illusion","high","base_trick mapping"
"inspinning_illusion","illusion-topology","base_trick=illusion","high","topology heuristic"
"inspinning_legover","leggy-pass","base_trick=legover","high","base_trick mapping"
"inspinning_legover","legover-topology","base_trick=legover","high","topology heuristic"
"inspinning_mirage","hippy-in-dex","base_trick=mirage","high","base_trick mapping"
"inspinning_mirage","mirage-topology","base_trick=mirage","high","topology heuristic"
"inspinning_mirage","toe-ending","compound terminates in toe_stall via canonical-name pattern","medium","canonical-name heuristic"
"inspinning_osis","osis-rotational-topology","base_trick=osis","high","topology heuristic"
"inspinning_paradox_illusion","paradox-family","modifier_link=paradox","high","freestyle_trick_modifier_links"
"inspinning_paradox_mirage","paradox-family","modifier_link=paradox","high","freestyle_trick_modifier_links"
"inspinning_paradox_mirage","toe-ending","compound terminates in toe_stall via canonical-name pattern","medium","canonical-name heuristic"
"inspinning_same_side_mirage","toe-ending","compound terminates in toe_stall via canonical-name pattern","medium","canonical-name heuristic"
"inspinning_symposium_mirage","no-plant-while-symposium","modifier_link=symposium","high","execution-pattern rule"
"inspinning_symposium_mirage","symposium-family","modifier_link=symposium","high","freestyle_trick_modifier_links"
"inspinning_symposium_mirage","toe-ending","compound terminates in toe_stall via canonical-name pattern","medium","canonical-name heuristic"
"inspinning_toe_stall","toe-ending","compound terminates in toe_stall via canonical-name pattern","medium","canonical-name heuristic"
"irish_cream","tapping-family","modifier_link=tapping","high","freestyle_trick_modifier_links"
"irish_spring","drifter-miraging-clipper-topology","base_trick=drifter","high","topology heuristic"
"irish_spring","gyro-family","modifier_link=gyro","high","freestyle_trick_modifier_links"
"irish_spring","tapping-family","modifier_link=tapping","high","freestyle_trick_modifier_links"
"knee_clipper","clipper-ending","compound terminates in clipper_stall via wing-motion or canonical-name pattern","medium","canonical-name heuristic"
"knee_stall","stall-1add-topology","1-ADD primitive contact/stall","high","topology heuristic"
"legeater","pickup-topology","base_trick=pickup","high","topology heuristic"
"legeater","quantum-family","modifier_link=quantum","high","freestyle_trick_modifier_links"
"legeater","under-foot-scoop","base_trick=pickup","high","base_trick mapping"
"legover","leggy-pass","base_trick=legover","high","base_trick mapping"
"legover","legover-topology","base_trick=legover","high","topology heuristic"
"legover_kick","leggy-pass","base_trick=legover","high","base_trick mapping"
"legover_kick","legover-topology","base_trick=legover","high","topology heuristic"
"legover_kick","stall-1add-topology","1-ADD primitive contact/stall","high","topology heuristic"
"leviathon","barfly-double-loop-topology","base_trick=barfly","high","topology heuristic"
"leviathon","ducking-family","modifier_link=ducking","high","freestyle_trick_modifier_links"
"leviathon","stepping-family","modifier_link=stepping","high","freestyle_trick_modifier_links"
"liquifier","blender-rotational-topology","base_trick=blender","high","topology heuristic"
"locomotion","stepping-family","modifier_link=stepping","high","freestyle_trick_modifier_links"
"lotus","drifter-miraging-clipper-topology","base_trick=drifter","high","topology heuristic"
"magellan","leggy-pass","base_trick=legover","high","base_trick mapping"
"magellan","legover-topology","base_trick=legover","high","topology heuristic"
"magellan","pixie-family","modifier_link=pixie","high","freestyle_trick_modifier_links"
"mantis","gyro-family","modifier_link=gyro","high","freestyle_trick_modifier_links"
"margaritaville","blender-rotational-topology","base_trick=blender","high","topology heuristic"
"margaritaville","paradox-family","modifier_link=paradox","high","freestyle_trick_modifier_links"
"margaritaville","spinning-family","modifier_link=spinning","high","freestyle_trick_modifier_links"
"margaritaville","stepping-family","modifier_link=stepping","high","freestyle_trick_modifier_links"
"matador","butterfly-wing-topology","base_trick=butterfly","high","topology heuristic"
"matador","clipper-ending","compound terminates in clipper_stall via wing-motion or canonical-name pattern","medium","canonical-name heuristic"
"matador","nuclear-family","modifier_link=nuclear","high","freestyle_trick_modifier_links"
"matador","wing-motion-dex","base_trick=butterfly","high","base_trick mapping"
"merkon","leggy-pass","base_trick=legover","high","base_trick mapping"
"merkon","legover-topology","base_trick=legover","high","topology heuristic"
"merkon","spinning-family","modifier_link=spinning","high","freestyle_trick_modifier_links"
"mind_bender","blender-rotational-topology","base_trick=blender","high","topology heuristic"
"mind_bender","ducking-family","modifier_link=ducking","high","freestyle_trick_modifier_links"
"mind_bender","paradox-family","modifier_link=paradox","high","freestyle_trick_modifier_links"
"mirage","hippy-in-dex","base_trick=mirage","high","base_trick mapping"
"mirage","mirage-topology","base_trick=mirage","high","topology heuristic"
"mirage","toe-ending","compound terminates in toe_stall via canonical-name pattern","medium","canonical-name heuristic"
"miraging_dragon","hippy-in-dex","base_trick=mirage","high","base_trick mapping"
"miraging_dragon","mirage-topology","base_trick=mirage","high","topology heuristic"
"miraging_eclipse","clipper-ending","compound terminates in clipper_stall via wing-motion or canonical-name pattern","medium","canonical-name heuristic"
"miraging_kick","stall-1add-topology","1-ADD primitive contact/stall","high","topology heuristic"
"miraging_pickup","pickup-topology","base_trick=pickup","high","topology heuristic"
"miraging_pickup","under-foot-scoop","base_trick=pickup","high","base_trick mapping"
"miraging_symposium_butterfly","clipper-ending","compound terminates in clipper_stall via wing-motion or canonical-name pattern","medium","canonical-name heuristic"
"miraging_symposium_double_over_down","no-plant-while-symposium","modifier_link=symposium","high","execution-pattern rule"
"miraging_symposium_double_over_down","symposium-family","modifier_link=symposium","high","freestyle_trick_modifier_links"
"miraging_symposium_eggbeater","no-plant-while-symposium","modifier_link=symposium","high","execution-pattern rule"
"miraging_symposium_eggbeater","symposium-family","modifier_link=symposium","high","freestyle_trick_modifier_links"
"miraging_symposium_mirage","no-plant-while-symposium","modifier_link=symposium","high","execution-pattern rule"
"miraging_symposium_mirage","symposium-family","modifier_link=symposium","high","freestyle_trick_modifier_links"
"miraging_symposium_mirage","toe-ending","compound terminates in toe_stall via canonical-name pattern","medium","canonical-name heuristic"
"miraging_symposium_paradon","no-plant-while-symposium","modifier_link=symposium","high","execution-pattern rule"
"miraging_symposium_paradon","symposium-family","modifier_link=symposium","high","freestyle_trick_modifier_links"
"mobius","gyro-family","modifier_link=gyro","high","freestyle_trick_modifier_links"
"mobius","torque-rotational-topology","base_trick=torque","high","topology heuristic"
"mofly","no-plant-while-symposium","modifier_link=symposium","high","execution-pattern rule"
"mofly","symposium-family","modifier_link=symposium","high","freestyle_trick_modifier_links"
"montage","ducking-family","modifier_link=ducking","high","freestyle_trick_modifier_links"
"montage","front-spin-dex","base_trick=whirl","high","base_trick mapping"
"montage","no-plant-while-symposium","modifier_link=symposium","high","execution-pattern rule"
"montage","paradox-family","modifier_link=paradox","high","freestyle_trick_modifier_links"
"montage","spinning-family","modifier_link=spinning","high","freestyle_trick_modifier_links"
"montage","symposium-family","modifier_link=symposium","high","freestyle_trick_modifier_links"
"montage","whirl-rotational-topology","base_trick=whirl","high","topology heuristic"
"montage_swirl","back-spin-dex","base_trick=swirl","high","base_trick mapping"
"montage_swirl","swirl-rotational-topology","base_trick=swirl","high","topology heuristic"
"motion_sickness","spinning-family","modifier_link=spinning","high","freestyle_trick_modifier_links"
"mullet","ducking-family","modifier_link=ducking","high","freestyle_trick_modifier_links"
"mullet","front-spin-dex","base_trick=whirl","high","base_trick mapping"
"mullet","no-plant-while-symposium","modifier_link=symposium","high","execution-pattern rule"
"mullet","paradox-family","modifier_link=paradox","high","freestyle_trick_modifier_links"
"mullet","symposium-family","modifier_link=symposium","high","freestyle_trick_modifier_links"
"mullet","whirl-rotational-topology","base_trick=whirl","high","topology heuristic"
"neck_stall","stall-1add-topology","1-ADD primitive contact/stall","high","topology heuristic"
"nemesis","barfly-double-loop-topology","base_trick=barfly","high","topology heuristic"
"nemesis","furious-family","modifier_link=furious","high","freestyle_trick_modifier_links"
"nemesis","stated-ADD-without-stated-structure","CANONICALIZATION_POLICY §3.2","high","execution-pattern rule"
"nemesis_swirl","back-spin-dex","base_trick=swirl","high","base_trick mapping"
"nemesis_swirl","swirl-rotational-topology","base_trick=swirl","high","topology heuristic"
"nova","no-plant-while-symposium","modifier_link=symposium","high","execution-pattern rule"
"nova","symposium-family","modifier_link=symposium","high","freestyle_trick_modifier_links"
"nuclear_butterfly","butterfly-wing-topology","base_trick=butterfly","high","topology heuristic"
"nuclear_butterfly","clipper-ending","compound terminates in clipper_stall via wing-motion or canonical-name pattern","medium","canonical-name heuristic"
"nuclear_butterfly","nuclear-family","modifier_link=nuclear","high","freestyle_trick_modifier_links"
"nuclear_butterfly","wing-motion-dex","base_trick=butterfly","high","base_trick mapping"
"nuclear_double_leg_over","nuclear-family","modifier_link=nuclear","high","freestyle_trick_modifier_links"
"nuclear_drifter","drifter-miraging-clipper-topology","base_trick=drifter","high","topology heuristic"
"nuclear_drifter","nuclear-family","modifier_link=nuclear","high","freestyle_trick_modifier_links"
"nuclear_dyno","nuclear-family","modifier_link=nuclear","high","freestyle_trick_modifier_links"
"nuclear_guay","nuclear-family","modifier_link=nuclear","high","freestyle_trick_modifier_links"
"nuclear_illusion","hippy-out-dex","base_trick=illusion","high","base_trick mapping"
"nuclear_illusion","illusion-topology","base_trick=illusion","high","topology heuristic"
"nuclear_illusion","nuclear-family","modifier_link=nuclear","high","freestyle_trick_modifier_links"
"nuclear_legover","leggy-pass","base_trick=legover","high","base_trick mapping"
"nuclear_legover","legover-topology","base_trick=legover","high","topology heuristic"
"nuclear_legover","nuclear-family","modifier_link=nuclear","high","freestyle_trick_modifier_links"
"nuclear_mirage_same_side","toe-ending","compound terminates in toe_stall via canonical-name pattern","medium","canonical-name heuristic"
"nuclear_pickup","nuclear-family","modifier_link=nuclear","high","freestyle_trick_modifier_links"
"nuclear_pickup","pickup-topology","base_trick=pickup","high","topology heuristic"
"nuclear_pickup","under-foot-scoop","base_trick=pickup","high","base_trick mapping"
"nuclear_rev_guay","nuclear-family","modifier_link=nuclear","high","freestyle_trick_modifier_links"
"nuclear_rev_whirl","nuclear-family","modifier_link=nuclear","high","freestyle_trick_modifier_links"
"nuclear_torque","nuclear-family","modifier_link=nuclear","high","freestyle_trick_modifier_links"
"nuclear_torque","torque-rotational-topology","base_trick=torque","high","topology heuristic"
"nuclear_whirl","front-spin-dex","base_trick=whirl","high","base_trick mapping"
"nuclear_whirl","nuclear-family","modifier_link=nuclear","high","freestyle_trick_modifier_links"
"nuclear_whirl","whirl-rotational-topology","base_trick=whirl","high","topology heuristic"
"orbit_kick","stall-1add-topology","1-ADD primitive contact/stall","high","topology heuristic"
"osis","osis-rotational-topology","base_trick=osis","high","topology heuristic"
"outside_stall","stall-1add-topology","1-ADD primitive contact/stall","high","topology heuristic"
"paradon_swirl","back-spin-dex","base_trick=swirl","high","base_trick mapping"
"paradon_swirl","swirl-rotational-topology","base_trick=swirl","high","topology heuristic"
"paradox_barrage","double-dex-topology","barrage/barfly canonical double-dex pattern","high","topology heuristic"
"paradox_barrage","paradox-family","modifier_link=paradox","high","freestyle_trick_modifier_links"
"paradox_blender","blender-rotational-topology","base_trick=blender","high","topology heuristic"
"paradox_blender","paradox-family","modifier_link=paradox","high","freestyle_trick_modifier_links"
"paradox_blizzard","paradox-family","modifier_link=paradox","high","freestyle_trick_modifier_links"
"paradox_blur","paradox-family","modifier_link=paradox","high","freestyle_trick_modifier_links"
"paradox_blur","toe-ending","compound terminates in toe_stall via canonical-name pattern","medium","canonical-name heuristic"
"paradox_da_da_curve","paradox-family","modifier_link=paradox","high","freestyle_trick_modifier_links"
"paradox_double_leg_over","paradox-family","modifier_link=paradox","high","freestyle_trick_modifier_links"
"paradox_drifter","drifter-miraging-clipper-topology","base_trick=drifter","high","topology heuristic"
"paradox_drifter","paradox-family","modifier_link=paradox","high","freestyle_trick_modifier_links"
"paradox_eggbeater","paradox-family","modifier_link=paradox","high","freestyle_trick_modifier_links"
"paradox_flail","paradox-family","modifier_link=paradox","high","freestyle_trick_modifier_links"
"paradox_flurry","paradox-family","modifier_link=paradox","high","freestyle_trick_modifier_links"
"paradox_high_plains_drifter","paradox-family","modifier_link=paradox","high","freestyle_trick_modifier_links"
"paradox_illusion","hippy-out-dex","base_trick=illusion","high","base_trick mapping"
"paradox_illusion","illusion-topology","base_trick=illusion","high","topology heuristic"
"paradox_illusion","paradox-family","modifier_link=paradox","high","freestyle_trick_modifier_links"
"paradox_mirage","hippy-in-dex","base_trick=mirage","high","base_trick mapping"
"paradox_mirage","mirage-topology","base_trick=mirage","high","topology heuristic"
"paradox_mirage","paradox-family","modifier_link=paradox","high","freestyle_trick_modifier_links"
"paradox_mirage","toe-ending","compound terminates in toe_stall via canonical-name pattern","medium","canonical-name heuristic"
"paradox_ripwalk","paradox-family","modifier_link=paradox","high","freestyle_trick_modifier_links"
"paradox_symposium_eggbeater","no-plant-while-symposium","modifier_link=symposium","high","execution-pattern rule"
"paradox_symposium_eggbeater","paradox-family","modifier_link=paradox","high","freestyle_trick_modifier_links"
"paradox_symposium_eggbeater","symposium-family","modifier_link=symposium","high","freestyle_trick_modifier_links"
"paradox_symposium_illusion","paradox-family","modifier_link=paradox","high","freestyle_trick_modifier_links"
"paradox_symposium_mirage","no-plant-while-symposium","modifier_link=symposium","high","execution-pattern rule"
"paradox_symposium_mirage","paradox-family","modifier_link=paradox","high","freestyle_trick_modifier_links"
"paradox_symposium_mirage","symposium-family","modifier_link=symposium","high","freestyle_trick_modifier_links"
"paradox_symposium_mirage","toe-ending","compound terminates in toe_stall via canonical-name pattern","medium","canonical-name heuristic"
"paradox_symposium_torque","no-plant-while-symposium","modifier_link=symposium","high","execution-pattern rule"
"paradox_symposium_torque","paradox-family","modifier_link=paradox","high","freestyle_trick_modifier_links"
"paradox_symposium_torque","symposium-family","modifier_link=symposium","high","freestyle_trick_modifier_links"
"paradox_symposium_whirl","no-plant-while-symposium","modifier_link=symposium","high","execution-pattern rule"
"paradox_symposium_whirl","paradox-family","modifier_link=paradox","high","freestyle_trick_modifier_links"
"paradox_symposium_whirl","symposium-family","modifier_link=symposium","high","freestyle_trick_modifier_links"
"paradox_symposium_whirling_rake","no-plant-while-symposium","modifier_link=symposium","high","execution-pattern rule"
"paradox_symposium_whirling_rake","paradox-family","modifier_link=paradox","high","freestyle_trick_modifier_links"
"paradox_symposium_whirling_rake","symposium-family","modifier_link=symposium","high","freestyle_trick_modifier_links"
"paradox_symposium_whirling_rake","whirling-family","modifier_link=whirling","high","freestyle_trick_modifier_links"
"paradox_torque","paradox-family","modifier_link=paradox","high","freestyle_trick_modifier_links"
"paradox_torque","torque-rotational-topology","base_trick=torque","high","topology heuristic"
"paradox_whirl","front-spin-dex","base_trick=whirl","high","base_trick mapping"
"paradox_whirl","paradox-family","modifier_link=paradox","high","freestyle_trick_modifier_links"
"paradox_whirl","whirl-rotational-topology","base_trick=whirl","high","topology heuristic"
"paradox_whirling_rake","paradox-family","modifier_link=paradox","high","freestyle_trick_modifier_links"
"paradox_whirling_rake","whirling-family","modifier_link=whirling","high","freestyle_trick_modifier_links"
"paradox_whirling_swirl","paradox-family","modifier_link=paradox","high","freestyle_trick_modifier_links"
"parallax","leggy-pass","base_trick=legover","high","base_trick mapping"
"parallax","legover-topology","base_trick=legover","high","topology heuristic"
"paratoxic","front-spin-dex","base_trick=whirl","high","base_trick mapping"
"paratoxic","no-plant-while-symposium","modifier_link=symposium","high","execution-pattern rule"
"paratoxic","paradox-family","modifier_link=paradox","high","freestyle_trick_modifier_links"
"paratoxic","symposium-family","modifier_link=symposium","high","freestyle_trick_modifier_links"
"paratoxic","whirl-rotational-topology","base_trick=whirl","high","topology heuristic"
"parkwalk","butterfly-wing-topology","base_trick=butterfly","high","topology heuristic"
"parkwalk","clipper-ending","compound terminates in clipper_stall via wing-motion or canonical-name pattern","medium","canonical-name heuristic"
"parkwalk","wing-motion-dex","base_trick=butterfly","high","base_trick mapping"
"paste","pickup-topology","base_trick=pickup","high","topology heuristic"
"paste","pixie-family","modifier_link=pixie","high","freestyle_trick_modifier_links"
"paste","under-foot-scoop","base_trick=pickup","high","base_trick mapping"
"peak_stall","stall-1add-topology","1-ADD primitive contact/stall","high","topology heuristic"
"phoenix","butterfly-wing-topology","base_trick=butterfly","high","topology heuristic"
"phoenix","clipper-ending","compound terminates in clipper_stall via wing-motion or canonical-name pattern","medium","canonical-name heuristic"
"phoenix","ducking-family","modifier_link=ducking","high","freestyle_trick_modifier_links"
"phoenix","pixie-family","modifier_link=pixie","high","freestyle_trick_modifier_links"
"phoenix","uptime-dex-downtime-butterfly","pixie/ducking + butterfly archetype","high","execution-pattern rule"
"phoenix","wing-motion-dex","base_trick=butterfly","high","base_trick mapping"
"pickup","pickup-topology","base_trick=pickup","high","topology heuristic"
"pickup","under-foot-scoop","base_trick=pickup","high","base_trick mapping"
"pigbeater","pixie-family","modifier_link=pixie","high","freestyle_trick_modifier_links"
"pixie_barfly","barfly-double-loop-topology","base_trick=barfly","high","topology heuristic"
"pixie_barfly","pixie-family","modifier_link=pixie","high","freestyle_trick_modifier_links"
"pixie_barrage","double-dex-topology","barrage/barfly canonical double-dex pattern","high","topology heuristic"
"pixie_barrage","pixie-family","modifier_link=pixie","high","freestyle_trick_modifier_links"
"pixie_blender","blender-rotational-topology","base_trick=blender","high","topology heuristic"
"pixie_blender","pixie-family","modifier_link=pixie","high","freestyle_trick_modifier_links"
"pixie_butterfly_swirl","clipper-ending","compound terminates in clipper_stall via wing-motion or canonical-name pattern","medium","canonical-name heuristic"
"pixie_butterfly_swirl","pixie-family","modifier_link=pixie","high","freestyle_trick_modifier_links"
"pixie_clipper","clipper-ending","compound terminates in clipper_stall via wing-motion or canonical-name pattern","medium","canonical-name heuristic"
"pixie_clipper","pixie-family","modifier_link=pixie","high","freestyle_trick_modifier_links"
"pixie_dada_curve","pixie-family","modifier_link=pixie","high","freestyle_trick_modifier_links"
"pixie_diving_mirage","diving-family","modifier_link=diving","high","freestyle_trick_modifier_links"
"pixie_diving_mirage","pixie-family","modifier_link=pixie","high","freestyle_trick_modifier_links"
"pixie_diving_mirage","toe-ending","compound terminates in toe_stall via canonical-name pattern","medium","canonical-name heuristic"
"pixie_diving_osis","diving-family","modifier_link=diving","high","freestyle_trick_modifier_links"
"pixie_diving_osis","pixie-family","modifier_link=pixie","high","freestyle_trick_modifier_links"
"pixie_diving_pickup","diving-family","modifier_link=diving","high","freestyle_trick_modifier_links"
"pixie_diving_pickup","pixie-family","modifier_link=pixie","high","freestyle_trick_modifier_links"
"pixie_diving_symposium_mirage","diving-family","modifier_link=diving","high","freestyle_trick_modifier_links"
"pixie_diving_symposium_mirage","no-plant-while-symposium","modifier_link=symposium","high","execution-pattern rule"
"pixie_diving_symposium_mirage","pixie-family","modifier_link=pixie","high","freestyle_trick_modifier_links"
"pixie_diving_symposium_mirage","symposium-family","modifier_link=symposium","high","freestyle_trick_modifier_links"
"pixie_diving_symposium_mirage","toe-ending","compound terminates in toe_stall via canonical-name pattern","medium","canonical-name heuristic"
"pixie_diving_whirl","diving-family","modifier_link=diving","high","freestyle_trick_modifier_links"
"pixie_diving_whirl","pixie-family","modifier_link=pixie","high","freestyle_trick_modifier_links"
"pixie_dolomite","pixie-family","modifier_link=pixie","high","freestyle_trick_modifier_links"
"pixie_double_over_down","pixie-family","modifier_link=pixie","high","freestyle_trick_modifier_links"
"pixie_double_pickup","pixie-family","modifier_link=pixie","high","freestyle_trick_modifier_links"
"pixie_double_switch_over","pixie-family","modifier_link=pixie","high","freestyle_trick_modifier_links"
"pixie_ducking_butterfly","clipper-ending","compound terminates in clipper_stall via wing-motion or canonical-name pattern","medium","canonical-name heuristic"
"pixie_ducking_butterfly","pixie-family","modifier_link=pixie","high","freestyle_trick_modifier_links"
"pixie_ducking_butterfly_swirl","clipper-ending","compound terminates in clipper_stall via wing-motion or canonical-name pattern","medium","canonical-name heuristic"
"pixie_ducking_butterfly_swirl","ducking-family","modifier_link=ducking","high","freestyle_trick_modifier_links"
"pixie_ducking_butterfly_swirl","pixie-family","modifier_link=pixie","high","freestyle_trick_modifier_links"
"pixie_ducking_clipper","clipper-ending","compound terminates in clipper_stall via wing-motion or canonical-name pattern","medium","canonical-name heuristic"
"pixie_ducking_eggbeater","ducking-family","modifier_link=ducking","high","freestyle_trick_modifier_links"
"pixie_ducking_eggbeater","pixie-family","modifier_link=pixie","high","freestyle_trick_modifier_links"
"pixie_ducking_illusion","ducking-family","modifier_link=ducking","high","freestyle_trick_modifier_links"
"pixie_ducking_illusion","pixie-family","modifier_link=pixie","high","freestyle_trick_modifier_links"
"pixie_ducking_osis","ducking-family","modifier_link=ducking","high","freestyle_trick_modifier_links"
"pixie_ducking_osis","pixie-family","modifier_link=pixie","high","freestyle_trick_modifier_links"
"pixie_ducking_pickup","ducking-family","modifier_link=ducking","high","freestyle_trick_modifier_links"
"pixie_ducking_pickup","pixie-family","modifier_link=pixie","high","freestyle_trick_modifier_links"
"pixie_ducking_symposium_mirage","ducking-family","modifier_link=ducking","high","freestyle_trick_modifier_links"
"pixie_ducking_symposium_mirage","no-plant-while-symposium","modifier_link=symposium","high","execution-pattern rule"
"pixie_ducking_symposium_mirage","pixie-family","modifier_link=pixie","high","freestyle_trick_modifier_links"
"pixie_ducking_symposium_mirage","symposium-family","modifier_link=symposium","high","freestyle_trick_modifier_links"
"pixie_ducking_symposium_mirage","toe-ending","compound terminates in toe_stall via canonical-name pattern","medium","canonical-name heuristic"
"pixie_ducking_whirl","ducking-family","modifier_link=ducking","high","freestyle_trick_modifier_links"
"pixie_ducking_whirl","pixie-family","modifier_link=pixie","high","freestyle_trick_modifier_links"
"pixie_dyno","pixie-family","modifier_link=pixie","high","freestyle_trick_modifier_links"
"pixie_eclipse","clipper-ending","compound terminates in clipper_stall via wing-motion or canonical-name pattern","medium","canonical-name heuristic"
"pixie_eclipse","pixie-family","modifier_link=pixie","high","freestyle_trick_modifier_links"
"pixie_eggbeater","pixie-family","modifier_link=pixie","high","freestyle_trick_modifier_links"
"pixie_flail","pixie-family","modifier_link=pixie","high","freestyle_trick_modifier_links"
"pixie_guay","pixie-family","modifier_link=pixie","high","freestyle_trick_modifier_links"
"pixie_gyro_double_leg_over","gyro-family","modifier_link=gyro","high","freestyle_trick_modifier_links"
"pixie_gyro_double_leg_over","pixie-family","modifier_link=pixie","high","freestyle_trick_modifier_links"
"pixie_kick","stall-1add-topology","1-ADD primitive contact/stall","high","topology heuristic"
"pixie_legover","leggy-pass","base_trick=legover","high","base_trick mapping"
"pixie_legover","legover-topology","base_trick=legover","high","topology heuristic"
"pixie_legover","pixie-family","modifier_link=pixie","high","freestyle_trick_modifier_links"
"pixie_miraging_flail","pixie-family","modifier_link=pixie","high","freestyle_trick_modifier_links"
"pixie_miraging_symposium_eggbeater","no-plant-while-symposium","modifier_link=symposium","high","execution-pattern rule"
"pixie_miraging_symposium_eggbeater","pixie-family","modifier_link=pixie","high","freestyle_trick_modifier_links"
"pixie_miraging_symposium_eggbeater","symposium-family","modifier_link=symposium","high","freestyle_trick_modifier_links"
"pixie_mobius","pixie-family","modifier_link=pixie","high","freestyle_trick_modifier_links"
"pixie_opposite_clipper","clipper-ending","compound terminates in clipper_stall via wing-motion or canonical-name pattern","medium","canonical-name heuristic"
"pixie_osis","osis-rotational-topology","base_trick=osis","high","topology heuristic"
"pixie_osis","pixie-family","modifier_link=pixie","high","freestyle_trick_modifier_links"
"pixie_over_down","pixie-family","modifier_link=pixie","high","freestyle_trick_modifier_links"
"pixie_paradon","pixie-family","modifier_link=pixie","high","freestyle_trick_modifier_links"
"pixie_pickup","pickup-topology","base_trick=pickup","high","topology heuristic"
"pixie_pickup","pixie-family","modifier_link=pixie","high","freestyle_trick_modifier_links"
"pixie_pickup","under-foot-scoop","base_trick=pickup","high","base_trick mapping"
"pixie_quantum_butterfly","clipper-ending","compound terminates in clipper_stall via wing-motion or canonical-name pattern","medium","canonical-name heuristic"
"pixie_quantum_butterfly","pixie-family","modifier_link=pixie","high","freestyle_trick_modifier_links"
"pixie_quantum_butterfly","quantum-family","modifier_link=quantum","high","freestyle_trick_modifier_links"
"pixie_quantum_double_over_down_swirl","pixie-family","modifier_link=pixie","high","freestyle_trick_modifier_links"
"pixie_quantum_double_over_down_swirl","quantum-family","modifier_link=quantum","high","freestyle_trick_modifier_links"
"pixie_quantum_legover","pixie-family","modifier_link=pixie","high","freestyle_trick_modifier_links"
"pixie_quantum_legover","quantum-family","modifier_link=quantum","high","freestyle_trick_modifier_links"
"pixie_rev_whirl","pixie-family","modifier_link=pixie","high","freestyle_trick_modifier_links"
"pixie_reverse_guay","pixie-family","modifier_link=pixie","high","freestyle_trick_modifier_links"
"pixie_reverse_swirl","back-spin-dex","base_trick=swirl","high","base_trick mapping"
"pixie_reverse_swirl","pixie-family","modifier_link=pixie","high","freestyle_trick_modifier_links"
"pixie_reverse_swirl","swirl-rotational-topology","base_trick=swirl","high","topology heuristic"
"pixie_same_clipper","clipper-ending","compound terminates in clipper_stall via wing-motion or canonical-name pattern","medium","canonical-name heuristic"
"pixie_same_side_butterfly","clipper-ending","compound terminates in clipper_stall via wing-motion or canonical-name pattern","medium","canonical-name heuristic"
"pixie_same_side_butterfly","pixie-family","modifier_link=pixie","high","freestyle_trick_modifier_links"
"pixie_same_side_illusion","hippy-out-dex","base_trick=illusion","high","base_trick mapping"
"pixie_same_side_illusion","illusion-topology","base_trick=illusion","high","topology heuristic"
"pixie_same_side_illusion","pixie-family","modifier_link=pixie","high","freestyle_trick_modifier_links"
"pixie_spinning_double_over_down","pixie-family","modifier_link=pixie","high","freestyle_trick_modifier_links"
"pixie_spinning_double_over_down","spinning-family","modifier_link=spinning","high","freestyle_trick_modifier_links"
"pixie_spinning_paradox_blender","pixie-family","modifier_link=pixie","high","freestyle_trick_modifier_links"
"pixie_spinning_paradox_symposium_whirl","pixie-family","modifier_link=pixie","high","freestyle_trick_modifier_links"
"pixie_spinning_paradox_whirl","pixie-family","modifier_link=pixie","high","freestyle_trick_modifier_links"
"pixie_swirl","back-spin-dex","base_trick=swirl","high","base_trick mapping"
"pixie_swirl","pixie-family","modifier_link=pixie","high","freestyle_trick_modifier_links"
"pixie_swirl","swirl-rotational-topology","base_trick=swirl","high","topology heuristic"
"pixie_symposium_mirage","no-plant-while-symposium","modifier_link=symposium","high","execution-pattern rule"
"pixie_symposium_mirage","pixie-family","modifier_link=pixie","high","freestyle_trick_modifier_links"
"pixie_symposium_mirage","symposium-family","modifier_link=symposium","high","freestyle_trick_modifier_links"
"pixie_symposium_mirage","toe-ending","compound terminates in toe_stall via canonical-name pattern","medium","canonical-name heuristic"
"pixie_symposium_rev_whirl","no-plant-while-symposium","modifier_link=symposium","high","execution-pattern rule"
"pixie_symposium_rev_whirl","pixie-family","modifier_link=pixie","high","freestyle_trick_modifier_links"
"pixie_symposium_rev_whirl","symposium-family","modifier_link=symposium","high","freestyle_trick_modifier_links"
"pixie_symposium_whirl","no-plant-while-symposium","modifier_link=symposium","high","execution-pattern rule"
"pixie_symposium_whirl","pixie-family","modifier_link=pixie","high","freestyle_trick_modifier_links"
"pixie_symposium_whirl","symposium-family","modifier_link=symposium","high","freestyle_trick_modifier_links"
"pixie_symposium_whirling_swirl","no-plant-while-symposium","modifier_link=symposium","high","execution-pattern rule"
"pixie_symposium_whirling_swirl","pixie-family","modifier_link=pixie","high","freestyle_trick_modifier_links"
"pixie_symposium_whirling_swirl","symposium-family","modifier_link=symposium","high","freestyle_trick_modifier_links"
"pixie_torque","pixie-family","modifier_link=pixie","high","freestyle_trick_modifier_links"
"pixie_torque","torque-rotational-topology","base_trick=torque","high","topology heuristic"
"pixie_weaving_butterfly","clipper-ending","compound terminates in clipper_stall via wing-motion or canonical-name pattern","medium","canonical-name heuristic"
"pixie_weaving_butterfly","pixie-family","modifier_link=pixie","high","freestyle_trick_modifier_links"
"pixie_weaving_mirage","pixie-family","modifier_link=pixie","high","freestyle_trick_modifier_links"
"pixie_weaving_mirage","toe-ending","compound terminates in toe_stall via canonical-name pattern","medium","canonical-name heuristic"
"pixie_weaving_osis","pixie-family","modifier_link=pixie","high","freestyle_trick_modifier_links"
"pixie_weaving_symposium_mirage","no-plant-while-symposium","modifier_link=symposium","high","execution-pattern rule"
"pixie_weaving_symposium_mirage","pixie-family","modifier_link=pixie","high","freestyle_trick_modifier_links"
"pixie_weaving_symposium_mirage","symposium-family","modifier_link=symposium","high","freestyle_trick_modifier_links"
"pixie_weaving_symposium_mirage","toe-ending","compound terminates in toe_stall via canonical-name pattern","medium","canonical-name heuristic"
"pixie_weaving_whirl","pixie-family","modifier_link=pixie","high","freestyle_trick_modifier_links"
"pixie_whirl","front-spin-dex","base_trick=whirl","high","base_trick mapping"
"pixie_whirl","pixie-family","modifier_link=pixie","high","freestyle_trick_modifier_links"
"pixie_whirl","whirl-rotational-topology","base_trick=whirl","high","topology heuristic"
"pixie_zulu_butterfly","butterfly-wing-topology","base_trick=butterfly","high","topology heuristic"
"pixie_zulu_butterfly","clipper-ending","compound terminates in clipper_stall via wing-motion or canonical-name pattern","medium","canonical-name heuristic"
"pixie_zulu_butterfly","pixie-family","modifier_link=pixie","high","freestyle_trick_modifier_links"
"pixie_zulu_butterfly","uptime-dex-downtime-butterfly","pixie/zulu + butterfly archetype","high","execution-pattern rule"
"pixie_zulu_butterfly","wing-motion-dex","base_trick=butterfly","high","base_trick mapping"
"pixie_zulu_osis","osis-rotational-topology","base_trick=osis","high","topology heuristic"
"pixie_zulu_osis","pixie-family","modifier_link=pixie","high","freestyle_trick_modifier_links"
"pixie_zulu_symposium_mirage","hippy-in-dex","base_trick=mirage","high","base_trick mapping"
"pixie_zulu_symposium_mirage","mirage-topology","base_trick=mirage","high","topology heuristic"
"pixie_zulu_symposium_mirage","no-plant-while-symposium","modifier_link=symposium","high","execution-pattern rule"
"pixie_zulu_symposium_mirage","pixie-family","modifier_link=pixie","high","freestyle_trick_modifier_links"
"pixie_zulu_symposium_mirage","symposium-family","modifier_link=symposium","high","freestyle_trick_modifier_links"
"pixie_zulu_symposium_mirage","toe-ending","compound terminates in toe_stall via canonical-name pattern","medium","canonical-name heuristic"
"pixie_zulu_whirl","front-spin-dex","base_trick=whirl","high","base_trick mapping"
"pixie_zulu_whirl","pixie-family","modifier_link=pixie","high","freestyle_trick_modifier_links"
"pixie_zulu_whirl","whirl-rotational-topology","base_trick=whirl","high","topology heuristic"
"plasma","quantum-family","modifier_link=quantum","high","freestyle_trick_modifier_links"
"pogo_barrage","double-dex-topology","barrage/barfly canonical double-dex pattern","high","topology heuristic"
"pogo_blender","blender-rotational-topology","base_trick=blender","high","topology heuristic"
"pogo_butterfly","butterfly-wing-topology","base_trick=butterfly","high","topology heuristic"
"pogo_butterfly","clipper-ending","compound terminates in clipper_stall via wing-motion or canonical-name pattern","medium","canonical-name heuristic"
"pogo_butterfly","wing-motion-dex","base_trick=butterfly","high","base_trick mapping"
"pogo_drifter","drifter-miraging-clipper-topology","base_trick=drifter","high","topology heuristic"
"pogo_illusion","hippy-out-dex","base_trick=illusion","high","base_trick mapping"
"pogo_illusion","illusion-topology","base_trick=illusion","high","topology heuristic"
"pogo_legover","leggy-pass","base_trick=legover","high","base_trick mapping"
"pogo_legover","legover-topology","base_trick=legover","high","topology heuristic"
"pogo_mirage","hippy-in-dex","base_trick=mirage","high","base_trick mapping"
"pogo_mirage","mirage-topology","base_trick=mirage","high","topology heuristic"
"pogo_mirage","toe-ending","compound terminates in toe_stall via canonical-name pattern","medium","canonical-name heuristic"
"pogo_mirage_same_side","toe-ending","compound terminates in toe_stall via canonical-name pattern","medium","canonical-name heuristic"
"pogo_paradox_barrage","double-dex-topology","barrage/barfly canonical double-dex pattern","high","topology heuristic"
"pogo_paradox_mirage","toe-ending","compound terminates in toe_stall via canonical-name pattern","medium","canonical-name heuristic"
"pogo_symposium_mirage_same_side","hippy-in-dex","base_trick=mirage","high","base_trick mapping"
"pogo_symposium_mirage_same_side","mirage-topology","base_trick=mirage","high","topology heuristic"
"pogo_symposium_mirage_same_side","no-plant-while-symposium","modifier_link=symposium","high","execution-pattern rule"
"pogo_symposium_mirage_same_side","symposium-family","modifier_link=symposium","high","freestyle_trick_modifier_links"
"pogo_symposium_mirage_same_side","toe-ending","compound terminates in toe_stall via canonical-name pattern","medium","canonical-name heuristic"
"pogo_torque","torque-rotational-topology","base_trick=torque","high","topology heuristic"
"pogo_whirl","front-spin-dex","base_trick=whirl","high","base_trick mapping"
"pogo_whirl","whirl-rotational-topology","base_trick=whirl","high","topology heuristic"
"puck","pixie-family","modifier_link=pixie","high","freestyle_trick_modifier_links"
"quagmire","hippy-in-dex","base_trick=mirage","high","base_trick mapping"
"quagmire","mirage-topology","base_trick=mirage","high","topology heuristic"
"quantanamera","butterfly-wing-topology","base_trick=butterfly","high","topology heuristic"
"quantanamera","clipper-ending","compound terminates in clipper_stall via wing-motion or canonical-name pattern","medium","canonical-name heuristic"
"quantanamera","wing-motion-dex","base_trick=butterfly","high","base_trick mapping"
"quantum_blender","blender-rotational-topology","base_trick=blender","high","topology heuristic"
"quantum_blender","quantum-family","modifier_link=quantum","high","freestyle_trick_modifier_links"
"quantum_butterfly","butterfly-wing-topology","base_trick=butterfly","high","topology heuristic"
"quantum_butterfly","clipper-ending","compound terminates in clipper_stall via wing-motion or canonical-name pattern","medium","canonical-name heuristic"
"quantum_butterfly","quantum-family","modifier_link=quantum","high","freestyle_trick_modifier_links"
"quantum_butterfly","wing-motion-dex","base_trick=butterfly","high","base_trick mapping"
"quantum_butterfly_swirl","clipper-ending","compound terminates in clipper_stall via wing-motion or canonical-name pattern","medium","canonical-name heuristic"
"quantum_butterfly_swirl","quantum-family","modifier_link=quantum","high","freestyle_trick_modifier_links"
"quantum_double_leg_over","quantum-family","modifier_link=quantum","high","freestyle_trick_modifier_links"
"quantum_drifter","drifter-miraging-clipper-topology","base_trick=drifter","high","topology heuristic"
"quantum_drifter","quantum-family","modifier_link=quantum","high","freestyle_trick_modifier_links"
"quantum_ducking_whirl","ducking-family","modifier_link=ducking","high","freestyle_trick_modifier_links"
"quantum_ducking_whirl","quantum-family","modifier_link=quantum","high","freestyle_trick_modifier_links"
"quantum_eclipse","clipper-ending","compound terminates in clipper_stall via wing-motion or canonical-name pattern","medium","canonical-name heuristic"
"quantum_eclipse","quantum-family","modifier_link=quantum","high","freestyle_trick_modifier_links"
"quantum_eggbeater","quantum-family","modifier_link=quantum","high","freestyle_trick_modifier_links"
"quantum_flail","quantum-family","modifier_link=quantum","high","freestyle_trick_modifier_links"
"quantum_guay","quantum-family","modifier_link=quantum","high","freestyle_trick_modifier_links"
"quantum_gyro_mirage","gyro-family","modifier_link=gyro","high","freestyle_trick_modifier_links"
"quantum_gyro_mirage","quantum-family","modifier_link=quantum","high","freestyle_trick_modifier_links"
"quantum_gyro_mirage","toe-ending","compound terminates in toe_stall via canonical-name pattern","medium","canonical-name heuristic"
"quantum_illusion","hippy-out-dex","base_trick=illusion","high","base_trick mapping"
"quantum_illusion","illusion-topology","base_trick=illusion","high","topology heuristic"
"quantum_illusion","quantum-family","modifier_link=quantum","high","freestyle_trick_modifier_links"
"quantum_legover","leggy-pass","base_trick=legover","high","base_trick mapping"
"quantum_legover","legover-topology","base_trick=legover","high","topology heuristic"
"quantum_legover","quantum-family","modifier_link=quantum","high","freestyle_trick_modifier_links"
"quantum_mirage","hippy-in-dex","base_trick=mirage","high","base_trick mapping"
"quantum_mirage","mirage-topology","base_trick=mirage","high","topology heuristic"
"quantum_mirage","quantum-family","modifier_link=quantum","high","freestyle_trick_modifier_links"
"quantum_mirage","toe-ending","compound terminates in toe_stall via canonical-name pattern","medium","canonical-name heuristic"
"quantum_osis","osis-rotational-topology","base_trick=osis","high","topology heuristic"
"quantum_osis","quantum-family","modifier_link=quantum","high","freestyle_trick_modifier_links"
"quantum_pickup","pickup-topology","base_trick=pickup","high","topology heuristic"
"quantum_pickup","quantum-family","modifier_link=quantum","high","freestyle_trick_modifier_links"
"quantum_pickup","under-foot-scoop","base_trick=pickup","high","base_trick mapping"
"quantum_reverse_guay","quantum-family","modifier_link=quantum","high","freestyle_trick_modifier_links"
"quantum_symposium_mirage","no-plant-while-symposium","modifier_link=symposium","high","execution-pattern rule"
"quantum_symposium_mirage","quantum-family","modifier_link=quantum","high","freestyle_trick_modifier_links"
"quantum_symposium_mirage","symposium-family","modifier_link=symposium","high","freestyle_trick_modifier_links"
"quantum_symposium_mirage","toe-ending","compound terminates in toe_stall via canonical-name pattern","medium","canonical-name heuristic"
"quantum_symposium_whirl","no-plant-while-symposium","modifier_link=symposium","high","execution-pattern rule"
"quantum_symposium_whirl","quantum-family","modifier_link=quantum","high","freestyle_trick_modifier_links"
"quantum_symposium_whirl","symposium-family","modifier_link=symposium","high","freestyle_trick_modifier_links"
"quantum_torque","quantum-family","modifier_link=quantum","high","freestyle_trick_modifier_links"
"quantum_torque","torque-rotational-topology","base_trick=torque","high","topology heuristic"
"quantum_whirl","front-spin-dex","base_trick=whirl","high","base_trick mapping"
"quantum_whirl","quantum-family","modifier_link=quantum","high","freestyle_trick_modifier_links"
"quantum_whirl","whirl-rotational-topology","base_trick=whirl","high","topology heuristic"
"rage","hippy-in-dex","base_trick=mirage","high","base_trick mapping"
"rage","mirage-topology","base_trick=mirage","high","topology heuristic"
"rage","no-plant-while-symposium","modifier_link=symposium","high","execution-pattern rule"
"rage","symposium-family","modifier_link=symposium","high","freestyle_trick_modifier_links"
"rail_warrior","butterfly-wing-topology","base_trick=butterfly","high","topology heuristic"
"rail_warrior","clipper-ending","compound terminates in clipper_stall via wing-motion or canonical-name pattern","medium","canonical-name heuristic"
"rail_warrior","ducking-family","modifier_link=ducking","high","freestyle_trick_modifier_links"
"rail_warrior","uptime-dex-downtime-butterfly","railing/ducking + butterfly archetype","high","execution-pattern rule"
"rail_warrior","wing-motion-dex","base_trick=butterfly","high","base_trick mapping"
"railing_butterfly","butterfly-wing-topology","base_trick=butterfly","high","topology heuristic"
"railing_butterfly","clipper-ending","compound terminates in clipper_stall via wing-motion or canonical-name pattern","medium","canonical-name heuristic"
"railing_butterfly","wing-motion-dex","base_trick=butterfly","high","base_trick mapping"
"railing_butterfly_same_side","clipper-ending","compound terminates in clipper_stall via wing-motion or canonical-name pattern","medium","canonical-name heuristic"
"railing_ducking_legover","ducking-family","modifier_link=ducking","high","freestyle_trick_modifier_links"
"railing_ducking_legover","leggy-pass","base_trick=legover","high","base_trick mapping"
"railing_ducking_legover","legover-topology","base_trick=legover","high","topology heuristic"
"railing_illusion","hippy-out-dex","base_trick=illusion","high","base_trick mapping"
"railing_illusion","illusion-topology","base_trick=illusion","high","topology heuristic"
"railing_legover","leggy-pass","base_trick=legover","high","base_trick mapping"
"railing_legover","legover-topology","base_trick=legover","high","topology heuristic"
"railing_mirage","hippy-in-dex","base_trick=mirage","high","base_trick mapping"
"railing_mirage","mirage-topology","base_trick=mirage","high","topology heuristic"
"railing_mirage","toe-ending","compound terminates in toe_stall via canonical-name pattern","medium","canonical-name heuristic"
"reactor","front-spin-dex","base_trick=whirl","high","base_trick mapping"
"reactor","whirl-rotational-topology","base_trick=whirl","high","topology heuristic"
"rev_swirl","back-spin-dex","base_trick=swirl","high","base_trick mapping"
"rev_swirl","swirl-rotational-topology","base_trick=swirl","high","topology heuristic"
"rev_whirl","directional-reverse-pair","rev_whirl is reverse-direction variant","high","execution-pattern rule"
"rev_whirl","front-spin-dex","base_trick=whirl","high","base_trick mapping"
"rev_whirl","whirl-rotational-topology","base_trick=whirl","high","topology heuristic"
"reverse_blender","blender-rotational-topology","base_trick=blender","high","topology heuristic"
"reverse_drifter","directional-reverse-pair","reverse_drifter is reverse-direction variant","high","execution-pattern rule"
"reverse_drifter","drifter-miraging-clipper-topology","base_trick=reverse_drifter","high","topology heuristic"
"reverse_swirl_dragon","back-spin-dex","base_trick=swirl","high","base_trick mapping"
"reverse_swirl_dragon","swirl-rotational-topology","base_trick=swirl","high","topology heuristic"
"reverse_swirling_blender","blender-rotational-topology","base_trick=blender","high","topology heuristic"
"reverse_swirling_osis","osis-rotational-topology","base_trick=osis","high","topology heuristic"
"reverse_swirling_paradox_symposium_whirl","no-plant-while-symposium","modifier_link=symposium","high","execution-pattern rule"
"reverse_swirling_paradox_symposium_whirl","paradox-family","modifier_link=paradox","high","freestyle_trick_modifier_links"
"reverse_swirling_paradox_symposium_whirl","symposium-family","modifier_link=symposium","high","freestyle_trick_modifier_links"
"reverse_swirling_paradox_torque","paradox-family","modifier_link=paradox","high","freestyle_trick_modifier_links"
"reverse_swirling_paradox_torque","torque-rotational-topology","base_trick=torque","high","topology heuristic"
"reverse_swirling_pickup","pickup-topology","base_trick=pickup","high","topology heuristic"
"reverse_swirling_pickup","under-foot-scoop","base_trick=pickup","high","base_trick mapping"
"reverse_swirling_symposium_mirage","hippy-in-dex","base_trick=mirage","high","base_trick mapping"
"reverse_swirling_symposium_mirage","mirage-topology","base_trick=mirage","high","topology heuristic"
"reverse_swirling_symposium_mirage","no-plant-while-symposium","modifier_link=symposium","high","execution-pattern rule"
"reverse_swirling_symposium_mirage","symposium-family","modifier_link=symposium","high","freestyle_trick_modifier_links"
"reverse_swirling_symposium_mirage","toe-ending","compound terminates in toe_stall via canonical-name pattern","medium","canonical-name heuristic"
"reverse_torque","torque-rotational-topology","base_trick=torque","high","topology heuristic"
"reverse_whirling_rake","whirling-family","modifier_link=whirling","high","freestyle_trick_modifier_links"
"reverse_whirling_twirl","whirling-family","modifier_link=whirling","high","freestyle_trick_modifier_links"
"ricochet","unusual-surface-topology","non-standard recovery surface","high","topology heuristic"
"ripped_warrior","butterfly-wing-topology","base_trick=butterfly","high","topology heuristic"
"ripped_warrior","clipper-ending","compound terminates in clipper_stall via wing-motion or canonical-name pattern","medium","canonical-name heuristic"
"ripped_warrior","wing-motion-dex","base_trick=butterfly","high","base_trick mapping"
"ripwalk","butterfly-wing-topology","base_trick=butterfly","high","topology heuristic"
"ripwalk","clipper-ending","compound terminates in clipper_stall via wing-motion or canonical-name pattern","medium","canonical-name heuristic"
"ripwalk","stepping-family","modifier_link=stepping","high","freestyle_trick_modifier_links"
"ripwalk","uptime-dex-downtime-butterfly","stepping + butterfly archetype","high","execution-pattern rule"
"ripwalk","wing-motion-dex","base_trick=butterfly","high","base_trick mapping"
"ripwalk_swirl","back-spin-dex","base_trick=swirl","high","base_trick mapping"
"ripwalk_swirl","swirl-rotational-topology","base_trick=swirl","high","topology heuristic"
"royale","drifter-miraging-clipper-topology","base_trick=reverse_drifter","high","topology heuristic"
"royale","paradox-family","modifier_link=paradox","high","freestyle_trick_modifier_links"
"sailing_butterfly","butterfly-wing-topology","base_trick=butterfly","high","topology heuristic"
"sailing_butterfly","clipper-ending","compound terminates in clipper_stall via wing-motion or canonical-name pattern","medium","canonical-name heuristic"
"sailing_butterfly","wing-motion-dex","base_trick=butterfly","high","base_trick mapping"
"sailing_butterfly_same_side","clipper-ending","compound terminates in clipper_stall via wing-motion or canonical-name pattern","medium","canonical-name heuristic"
"sailing_clipper","clipper-ending","compound terminates in clipper_stall via wing-motion or canonical-name pattern","medium","canonical-name heuristic"
"sailing_illusion_same_side","hippy-out-dex","base_trick=illusion","high","base_trick mapping"
"sailing_illusion_same_side","illusion-topology","base_trick=illusion","high","topology heuristic"
"sailing_legover","leggy-pass","base_trick=legover","high","base_trick mapping"
"sailing_legover","legover-topology","base_trick=legover","high","topology heuristic"
"sailing_mirage","hippy-in-dex","base_trick=mirage","high","base_trick mapping"
"sailing_mirage","mirage-topology","base_trick=mirage","high","topology heuristic"
"sailing_mirage","toe-ending","compound terminates in toe_stall via canonical-name pattern","medium","canonical-name heuristic"
"sailing_mirage_same_side","toe-ending","compound terminates in toe_stall via canonical-name pattern","medium","canonical-name heuristic"
"sailing_pickup","pickup-topology","base_trick=pickup","high","topology heuristic"
"sailing_pickup","under-foot-scoop","base_trick=pickup","high","base_trick mapping"
"sailing_whirl","front-spin-dex","base_trick=whirl","high","base_trick mapping"
"sailing_whirl","whirl-rotational-topology","base_trick=whirl","high","topology heuristic"
"schmoe","leggy-pass","base_trick=legover","high","base_trick mapping"
"schmoe","legover-topology","base_trick=legover","high","topology heuristic"
"scrambled_eggbeater","atomic-family","modifier_link=atomic","high","freestyle_trick_modifier_links"
"scrambled_eggbeater","pickup-topology","base_trick=pickup","high","topology heuristic"
"scrambled_eggbeater","under-foot-scoop","base_trick=pickup","high","base_trick mapping"
"shaft","no-plant-while-symposium","modifier_link=symposium","high","execution-pattern rule"
"shaft","symposium-family","modifier_link=symposium","high","freestyle_trick_modifier_links"
"shooting_barfly","barfly-double-loop-topology","base_trick=barfly","high","topology heuristic"
"shooting_butterfly","butterfly-wing-topology","base_trick=butterfly","high","topology heuristic"
"shooting_butterfly","clipper-ending","compound terminates in clipper_stall via wing-motion or canonical-name pattern","medium","canonical-name heuristic"
"shooting_butterfly","wing-motion-dex","base_trick=butterfly","high","base_trick mapping"
"shooting_clipper","clipper-ending","compound terminates in clipper_stall via wing-motion or canonical-name pattern","medium","canonical-name heuristic"
"shooting_clipper_same_side","clipper-ending","compound terminates in clipper_stall via wing-motion or canonical-name pattern","medium","canonical-name heuristic"
"shooting_ducking_butterfly","clipper-ending","compound terminates in clipper_stall via wing-motion or canonical-name pattern","medium","canonical-name heuristic"
"shooting_ducking_butterfly","ducking-family","modifier_link=ducking","high","freestyle_trick_modifier_links"
"shooting_gyro_mirage","gyro-family","modifier_link=gyro","high","freestyle_trick_modifier_links"
"shooting_gyro_mirage","toe-ending","compound terminates in toe_stall via canonical-name pattern","medium","canonical-name heuristic"
"shooting_illusion","hippy-out-dex","base_trick=illusion","high","base_trick mapping"
"shooting_illusion","illusion-topology","base_trick=illusion","high","topology heuristic"
"shooting_legover","leggy-pass","base_trick=legover","high","base_trick mapping"
"shooting_legover","legover-topology","base_trick=legover","high","topology heuristic"
"shooting_mirage","hippy-in-dex","base_trick=mirage","high","base_trick mapping"
"shooting_mirage","mirage-topology","base_trick=mirage","high","topology heuristic"
"shooting_mirage","toe-ending","compound terminates in toe_stall via canonical-name pattern","medium","canonical-name heuristic"
"shooting_mirage_same_side","toe-ending","compound terminates in toe_stall via canonical-name pattern","medium","canonical-name heuristic"
"shooting_pickup","pickup-topology","base_trick=pickup","high","topology heuristic"
"shooting_pickup","under-foot-scoop","base_trick=pickup","high","base_trick mapping"
"shooting_torque","torque-rotational-topology","base_trick=torque","high","topology heuristic"
"shoulder_stall","stall-1add-topology","1-ADD primitive contact/stall","high","topology heuristic"
"sidewalk","butterfly-wing-topology","base_trick=butterfly","high","topology heuristic"
"sidewalk","clipper-ending","compound terminates in clipper_stall via wing-motion or canonical-name pattern","medium","canonical-name heuristic"
"sidewalk","stepping-family","modifier_link=stepping","high","freestyle_trick_modifier_links"
"sidewalk","uptime-dex-downtime-butterfly","stepping + butterfly archetype","high","execution-pattern rule"
"sidewalk","wing-motion-dex","base_trick=butterfly","high","base_trick mapping"
"sidewalk_swirl","back-spin-dex","base_trick=swirl","high","base_trick mapping"
"sidewalk_swirl","swirl-rotational-topology","base_trick=swirl","high","topology heuristic"
"smear","hippy-in-dex","base_trick=mirage","high","base_trick mapping"
"smear","mirage-topology","base_trick=mirage","high","topology heuristic"
"smear","pixie-family","modifier_link=pixie","high","freestyle_trick_modifier_links"
"smear","toe-ending","compound terminates in toe_stall via canonical-name pattern","medium","canonical-name heuristic"
"smear_same_side","toe-ending","compound terminates in toe_stall via canonical-name pattern","medium","canonical-name heuristic"
"smog","pixie-family","modifier_link=pixie","high","freestyle_trick_modifier_links"
"smoke","drifter-miraging-clipper-topology","base_trick=drifter","high","topology heuristic"
"smoke","pixie-family","modifier_link=pixie","high","freestyle_trick_modifier_links"
"smudge","hippy-out-dex","base_trick=illusion","high","base_trick mapping"
"smudge","illusion-topology","base_trick=illusion","high","topology heuristic"
"smudge","pixie-family","modifier_link=pixie","high","freestyle_trick_modifier_links"
"sole_kick","stall-1add-topology","1-ADD primitive contact/stall","high","topology heuristic"
"sole_survivor","front-spin-dex","base_trick=whirl","high","base_trick mapping"
"sole_survivor","whirl-rotational-topology","base_trick=whirl","high","topology heuristic"
"spanishfly","barfly-double-loop-topology","base_trick=barfly","high","topology heuristic"
"spanishfly","ducking-family","modifier_link=ducking","high","freestyle_trick_modifier_links"
"spender","blender-rotational-topology","base_trick=blender","high","topology heuristic"
"spender","paradox-family","modifier_link=paradox","high","freestyle_trick_modifier_links"
"spender","spinning-family","modifier_link=spinning","high","freestyle_trick_modifier_links"
"spin","stall-1add-topology","1-ADD primitive contact/stall","high","topology heuristic"
"spinal_tap","tapping-family","modifier_link=tapping","high","freestyle_trick_modifier_links"
"spinal_tap","torque-rotational-topology","base_trick=torque","high","topology heuristic"
"spinning_barfly","barfly-double-loop-topology","base_trick=barfly","high","topology heuristic"
"spinning_barfly","spinning-family","modifier_link=spinning","high","freestyle_trick_modifier_links"
"spinning_blender","blender-rotational-topology","base_trick=blender","high","topology heuristic"
"spinning_blender","spinning-family","modifier_link=spinning","high","freestyle_trick_modifier_links"
"spinning_butterfly","butterfly-wing-topology","base_trick=butterfly","high","topology heuristic"
"spinning_butterfly","clipper-ending","compound terminates in clipper_stall via wing-motion or canonical-name pattern","medium","canonical-name heuristic"
"spinning_butterfly","spinning-family","modifier_link=spinning","high","freestyle_trick_modifier_links"
"spinning_butterfly","wing-motion-dex","base_trick=butterfly","high","base_trick mapping"
"spinning_butterfly_kick","clipper-ending","compound terminates in clipper_stall via wing-motion or canonical-name pattern","medium","canonical-name heuristic"
"spinning_butterfly_kick","spinning-family","modifier_link=spinning","high","freestyle_trick_modifier_links"
"spinning_butterfly_swirl","clipper-ending","compound terminates in clipper_stall via wing-motion or canonical-name pattern","medium","canonical-name heuristic"
"spinning_butterfly_swirl","spinning-family","modifier_link=spinning","high","freestyle_trick_modifier_links"
"spinning_clipper","clipper-ending","compound terminates in clipper_stall via wing-motion or canonical-name pattern","medium","canonical-name heuristic"
"spinning_clipper","spinning-family","modifier_link=spinning","high","freestyle_trick_modifier_links"
"spinning_diving_symposium_whirl","diving-family","modifier_link=diving","high","freestyle_trick_modifier_links"
"spinning_diving_symposium_whirl","spinning-family","modifier_link=spinning","high","freestyle_trick_modifier_links"
"spinning_double_leg_over","spinning-family","modifier_link=spinning","high","freestyle_trick_modifier_links"
"spinning_double_over_down","spinning-family","modifier_link=spinning","high","freestyle_trick_modifier_links"
"spinning_drifter","drifter-miraging-clipper-topology","base_trick=drifter","high","topology heuristic"
"spinning_drifter","spinning-family","modifier_link=spinning","high","freestyle_trick_modifier_links"
"spinning_ducking_blender","blender-rotational-topology","base_trick=blender","high","topology heuristic"
"spinning_ducking_blender","ducking-family","modifier_link=ducking","high","freestyle_trick_modifier_links"
"spinning_ducking_blender","spinning-family","modifier_link=spinning","high","freestyle_trick_modifier_links"
"spinning_ducking_butterfly","clipper-ending","compound terminates in clipper_stall via wing-motion or canonical-name pattern","medium","canonical-name heuristic"
"spinning_ducking_butterfly","ducking-family","modifier_link=ducking","high","freestyle_trick_modifier_links"
"spinning_ducking_butterfly","spinning-family","modifier_link=spinning","high","freestyle_trick_modifier_links"
"spinning_ducking_clipper","clipper-ending","compound terminates in clipper_stall via wing-motion or canonical-name pattern","medium","canonical-name heuristic"
"spinning_ducking_clipper","ducking-family","modifier_link=ducking","high","freestyle_trick_modifier_links"
"spinning_ducking_clipper","spinning-family","modifier_link=spinning","high","freestyle_trick_modifier_links"
"spinning_ducking_drifter","spinning-family","modifier_link=spinning","high","freestyle_trick_modifier_links"
"spinning_ducking_illusion","ducking-family","modifier_link=ducking","high","freestyle_trick_modifier_links"
"spinning_ducking_illusion","spinning-family","modifier_link=spinning","high","freestyle_trick_modifier_links"
"spinning_ducking_legover","ducking-family","modifier_link=ducking","high","freestyle_trick_modifier_links"
"spinning_ducking_legover","spinning-family","modifier_link=spinning","high","freestyle_trick_modifier_links"
"spinning_ducking_mirage","ducking-family","modifier_link=ducking","high","freestyle_trick_modifier_links"
"spinning_ducking_mirage","spinning-family","modifier_link=spinning","high","freestyle_trick_modifier_links"
"spinning_ducking_mirage","toe-ending","compound terminates in toe_stall via canonical-name pattern","medium","canonical-name heuristic"
"spinning_ducking_osis","ducking-family","modifier_link=ducking","high","freestyle_trick_modifier_links"
"spinning_ducking_osis","spinning-family","modifier_link=spinning","high","freestyle_trick_modifier_links"
"spinning_ducking_paradox_blender","ducking-family","modifier_link=ducking","high","freestyle_trick_modifier_links"
"spinning_ducking_paradox_blender","paradox-family","modifier_link=paradox","high","freestyle_trick_modifier_links"
"spinning_ducking_paradox_blender","spinning-family","modifier_link=spinning","high","freestyle_trick_modifier_links"
"spinning_ducking_paradox_drifter","ducking-family","modifier_link=ducking","high","freestyle_trick_modifier_links"
"spinning_ducking_paradox_drifter","paradox-family","modifier_link=paradox","high","freestyle_trick_modifier_links"
"spinning_ducking_paradox_drifter","spinning-family","modifier_link=spinning","high","freestyle_trick_modifier_links"
"spinning_ducking_paradox_mirage","ducking-family","modifier_link=ducking","high","freestyle_trick_modifier_links"
"spinning_ducking_paradox_mirage","paradox-family","modifier_link=paradox","high","freestyle_trick_modifier_links"
"spinning_ducking_paradox_mirage","spinning-family","modifier_link=spinning","high","freestyle_trick_modifier_links"
"spinning_ducking_paradox_mirage","toe-ending","compound terminates in toe_stall via canonical-name pattern","medium","canonical-name heuristic"
"spinning_ducking_paradox_symposium_mirage","ducking-family","modifier_link=ducking","high","freestyle_trick_modifier_links"
"spinning_ducking_paradox_symposium_mirage","no-plant-while-symposium","modifier_link=symposium","high","execution-pattern rule"
"spinning_ducking_paradox_symposium_mirage","paradox-family","modifier_link=paradox","high","freestyle_trick_modifier_links"
"spinning_ducking_paradox_symposium_mirage","spinning-family","modifier_link=spinning","high","freestyle_trick_modifier_links"
"spinning_ducking_paradox_symposium_mirage","symposium-family","modifier_link=symposium","high","freestyle_trick_modifier_links"
"spinning_ducking_paradox_symposium_mirage","toe-ending","compound terminates in toe_stall via canonical-name pattern","medium","canonical-name heuristic"
"spinning_ducking_paradox_symposium_whirl","ducking-family","modifier_link=ducking","high","freestyle_trick_modifier_links"
"spinning_ducking_paradox_symposium_whirl","no-plant-while-symposium","modifier_link=symposium","high","execution-pattern rule"
"spinning_ducking_paradox_symposium_whirl","paradox-family","modifier_link=paradox","high","freestyle_trick_modifier_links"
"spinning_ducking_paradox_symposium_whirl","spinning-family","modifier_link=spinning","high","freestyle_trick_modifier_links"
"spinning_ducking_paradox_symposium_whirl","symposium-family","modifier_link=symposium","high","freestyle_trick_modifier_links"
"spinning_ducking_paradox_whirl","ducking-family","modifier_link=ducking","high","freestyle_trick_modifier_links"
"spinning_ducking_paradox_whirl","front-spin-dex","base_trick=whirl","high","base_trick mapping"
"spinning_ducking_paradox_whirl","paradox-family","modifier_link=paradox","high","freestyle_trick_modifier_links"
"spinning_ducking_paradox_whirl","spinning-family","modifier_link=spinning","high","freestyle_trick_modifier_links"
"spinning_ducking_paradox_whirl","whirl-rotational-topology","base_trick=whirl","high","topology heuristic"
"spinning_ducking_pickup","ducking-family","modifier_link=ducking","high","freestyle_trick_modifier_links"
"spinning_ducking_pickup","spinning-family","modifier_link=spinning","high","freestyle_trick_modifier_links"
"spinning_ducking_superfly","ducking-family","modifier_link=ducking","high","freestyle_trick_modifier_links"
"spinning_ducking_superfly","spinning-family","modifier_link=spinning","high","freestyle_trick_modifier_links"
"spinning_ducking_symposium_double_over_down","ducking-family","modifier_link=ducking","high","freestyle_trick_modifier_links"
"spinning_ducking_symposium_double_over_down","no-plant-while-symposium","modifier_link=symposium","high","execution-pattern rule"
"spinning_ducking_symposium_double_over_down","spinning-family","modifier_link=spinning","high","freestyle_trick_modifier_links"
"spinning_ducking_symposium_double_over_down","symposium-family","modifier_link=symposium","high","freestyle_trick_modifier_links"
"spinning_ducking_symposium_torque","ducking-family","modifier_link=ducking","high","freestyle_trick_modifier_links"
"spinning_ducking_symposium_torque","no-plant-while-symposium","modifier_link=symposium","high","execution-pattern rule"
"spinning_ducking_symposium_torque","spinning-family","modifier_link=spinning","high","freestyle_trick_modifier_links"
"spinning_ducking_symposium_torque","symposium-family","modifier_link=symposium","high","freestyle_trick_modifier_links"
"spinning_ducking_symposium_torque","torque-rotational-topology","base_trick=torque","high","topology heuristic"
"spinning_ducking_symposium_whirl","ducking-family","modifier_link=ducking","high","freestyle_trick_modifier_links"
"spinning_ducking_symposium_whirl","spinning-family","modifier_link=spinning","high","freestyle_trick_modifier_links"
"spinning_ducking_whirl","ducking-family","modifier_link=ducking","high","freestyle_trick_modifier_links"
"spinning_ducking_whirl","spinning-family","modifier_link=spinning","high","freestyle_trick_modifier_links"
"spinning_eggbeater","spinning-family","modifier_link=spinning","high","freestyle_trick_modifier_links"
"spinning_guay","spinning-family","modifier_link=spinning","high","freestyle_trick_modifier_links"
"spinning_illusion","hippy-out-dex","base_trick=illusion","high","base_trick mapping"
"spinning_illusion","illusion-topology","base_trick=illusion","high","topology heuristic"
"spinning_illusion","spinning-family","modifier_link=spinning","high","freestyle_trick_modifier_links"
"spinning_legover","leggy-pass","base_trick=legover","high","base_trick mapping"
"spinning_legover","legover-topology","base_trick=legover","high","topology heuristic"
"spinning_legover","spinning-family","modifier_link=spinning","high","freestyle_trick_modifier_links"
"spinning_mirage","hippy-in-dex","base_trick=mirage","high","base_trick mapping"
"spinning_mirage","mirage-topology","base_trick=mirage","high","topology heuristic"
"spinning_mirage","spinning-family","modifier_link=spinning","high","freestyle_trick_modifier_links"
"spinning_mirage","toe-ending","compound terminates in toe_stall via canonical-name pattern","medium","canonical-name heuristic"
"spinning_miraging_symposium_torque","spinning-family","modifier_link=spinning","high","freestyle_trick_modifier_links"
"spinning_osis","osis-rotational-topology","base_trick=osis","high","topology heuristic"
"spinning_osis","spinning-family","modifier_link=spinning","high","freestyle_trick_modifier_links"
"spinning_osis","uptime-dex-downtime-osis","spinning + osis archetype","high","execution-pattern rule"
"spinning_paradox_blender","paradox-family","modifier_link=paradox","high","freestyle_trick_modifier_links"
"spinning_paradox_blender","spinning-family","modifier_link=spinning","high","freestyle_trick_modifier_links"
"spinning_paradox_double_leg_over","paradox-family","modifier_link=paradox","high","freestyle_trick_modifier_links"
"spinning_paradox_double_leg_over","spinning-family","modifier_link=spinning","high","freestyle_trick_modifier_links"
"spinning_paradox_drifter","paradox-family","modifier_link=paradox","high","freestyle_trick_modifier_links"
"spinning_paradox_drifter","spinning-family","modifier_link=spinning","high","freestyle_trick_modifier_links"
"spinning_paradox_illusion","paradox-family","modifier_link=paradox","high","freestyle_trick_modifier_links"
"spinning_paradox_illusion","spinning-family","modifier_link=spinning","high","freestyle_trick_modifier_links"
"spinning_paradox_mirage","paradox-family","modifier_link=paradox","high","freestyle_trick_modifier_links"
"spinning_paradox_mirage","spinning-family","modifier_link=spinning","high","freestyle_trick_modifier_links"
"spinning_paradox_mirage","toe-ending","compound terminates in toe_stall via canonical-name pattern","medium","canonical-name heuristic"
"spinning_paradox_symposium_whirl","no-plant-while-symposium","modifier_link=symposium","high","execution-pattern rule"
"spinning_paradox_symposium_whirl","paradox-family","modifier_link=paradox","high","freestyle_trick_modifier_links"
"spinning_paradox_symposium_whirl","spinning-family","modifier_link=spinning","high","freestyle_trick_modifier_links"
"spinning_paradox_symposium_whirl","symposium-family","modifier_link=symposium","high","freestyle_trick_modifier_links"
"spinning_paradox_torque","paradox-family","modifier_link=paradox","high","freestyle_trick_modifier_links"
"spinning_paradox_torque","spinning-family","modifier_link=spinning","high","freestyle_trick_modifier_links"
"spinning_paradox_whirl","paradox-family","modifier_link=paradox","high","freestyle_trick_modifier_links"
"spinning_paradox_whirl","spinning-family","modifier_link=spinning","high","freestyle_trick_modifier_links"
"spinning_pickup","pickup-topology","base_trick=pickup","high","topology heuristic"
"spinning_pickup","spinning-family","modifier_link=spinning","high","freestyle_trick_modifier_links"
"spinning_pickup","under-foot-scoop","base_trick=pickup","high","base_trick mapping"
"spinning_rev_whirl","spinning-family","modifier_link=spinning","high","freestyle_trick_modifier_links"
"spinning_reverse_guay","spinning-family","modifier_link=spinning","high","freestyle_trick_modifier_links"
"spinning_reverse_swirl","back-spin-dex","base_trick=swirl","high","base_trick mapping"
"spinning_reverse_swirl","spinning-family","modifier_link=spinning","high","freestyle_trick_modifier_links"
"spinning_reverse_swirl","swirl-rotational-topology","base_trick=swirl","high","topology heuristic"
"spinning_superfly","spinning-family","modifier_link=spinning","high","freestyle_trick_modifier_links"
"spinning_swirl","back-spin-dex","base_trick=swirl","high","base_trick mapping"
"spinning_swirl","spinning-family","modifier_link=spinning","high","freestyle_trick_modifier_links"
"spinning_swirl","swirl-rotational-topology","base_trick=swirl","high","topology heuristic"
"spinning_symposium_double_over_down","no-plant-while-symposium","modifier_link=symposium","high","execution-pattern rule"
"spinning_symposium_double_over_down","spinning-family","modifier_link=spinning","high","freestyle_trick_modifier_links"
"spinning_symposium_double_over_down","symposium-family","modifier_link=symposium","high","freestyle_trick_modifier_links"
"spinning_symposium_down_double_down","no-plant-while-symposium","modifier_link=symposium","high","execution-pattern rule"
"spinning_symposium_down_double_down","spinning-family","modifier_link=spinning","high","freestyle_trick_modifier_links"
"spinning_symposium_down_double_down","symposium-family","modifier_link=symposium","high","freestyle_trick_modifier_links"
"spinning_symposium_eggbeater","no-plant-while-symposium","modifier_link=symposium","high","execution-pattern rule"
"spinning_symposium_eggbeater","spinning-family","modifier_link=spinning","high","freestyle_trick_modifier_links"
"spinning_symposium_eggbeater","symposium-family","modifier_link=symposium","high","freestyle_trick_modifier_links"
"spinning_symposium_flux","no-plant-while-symposium","modifier_link=symposium","high","execution-pattern rule"
"spinning_symposium_flux","spinning-family","modifier_link=spinning","high","freestyle_trick_modifier_links"
"spinning_symposium_flux","symposium-family","modifier_link=symposium","high","freestyle_trick_modifier_links"
"spinning_symposium_illusion","hippy-out-dex","base_trick=illusion","high","base_trick mapping"
"spinning_symposium_illusion","illusion-topology","base_trick=illusion","high","topology heuristic"
"spinning_symposium_illusion","no-plant-while-symposium","modifier_link=symposium","high","execution-pattern rule"
"spinning_symposium_illusion","spinning-family","modifier_link=spinning","high","freestyle_trick_modifier_links"
"spinning_symposium_illusion","symposium-family","modifier_link=symposium","high","freestyle_trick_modifier_links"
"spinning_symposium_mirage","no-plant-while-symposium","modifier_link=symposium","high","execution-pattern rule"
"spinning_symposium_mirage","spinning-family","modifier_link=spinning","high","freestyle_trick_modifier_links"
"spinning_symposium_mirage","symposium-family","modifier_link=symposium","high","freestyle_trick_modifier_links"
"spinning_symposium_mirage","toe-ending","compound terminates in toe_stall via canonical-name pattern","medium","canonical-name heuristic"
"spinning_symposium_pickup","no-plant-while-symposium","modifier_link=symposium","high","execution-pattern rule"
"spinning_symposium_pickup","pickup-topology","base_trick=pickup","high","topology heuristic"
"spinning_symposium_pickup","spinning-family","modifier_link=spinning","high","freestyle_trick_modifier_links"
"spinning_symposium_pickup","symposium-family","modifier_link=symposium","high","freestyle_trick_modifier_links"
"spinning_symposium_pickup","under-foot-scoop","base_trick=pickup","high","base_trick mapping"
"spinning_symposium_swirl","no-plant-while-symposium","modifier_link=symposium","high","execution-pattern rule"
"spinning_symposium_swirl","spinning-family","modifier_link=spinning","high","freestyle_trick_modifier_links"
"spinning_symposium_swirl","symposium-family","modifier_link=symposium","high","freestyle_trick_modifier_links"
"spinning_symposium_torque","spinning-family","modifier_link=spinning","high","freestyle_trick_modifier_links"
"spinning_symposium_whirling_swirl","no-plant-while-symposium","modifier_link=symposium","high","execution-pattern rule"
"spinning_symposium_whirling_swirl","spinning-family","modifier_link=spinning","high","freestyle_trick_modifier_links"
"spinning_symposium_whirling_swirl","symposium-family","modifier_link=symposium","high","freestyle_trick_modifier_links"
"spinning_toe_stall","spinning-family","modifier_link=spinning","high","freestyle_trick_modifier_links"
"spinning_toe_stall","toe-ending","compound terminates in toe_stall via canonical-name pattern","medium","canonical-name heuristic"
"spinning_tomahawk","spinning-family","modifier_link=spinning","high","freestyle_trick_modifier_links"
"spinning_torque","spinning-family","modifier_link=spinning","high","freestyle_trick_modifier_links"
"spinning_torque","torque-rotational-topology","base_trick=torque","high","topology heuristic"
"spinning_whirl","front-spin-dex","base_trick=whirl","high","base_trick mapping"
"spinning_whirl","spinning-family","modifier_link=spinning","high","freestyle_trick_modifier_links"
"spinning_whirl","whirl-rotational-topology","base_trick=whirl","high","topology heuristic"
"spinning_whirling_swirl","spinning-family","modifier_link=spinning","high","freestyle_trick_modifier_links"
"spinning_whirling_symposium_swirl","back-spin-dex","base_trick=swirl","high","base_trick mapping"
"spinning_whirling_symposium_swirl","no-plant-while-symposium","modifier_link=symposium","high","execution-pattern rule"
"spinning_whirling_symposium_swirl","spinning-family","modifier_link=spinning","high","freestyle_trick_modifier_links"
"spinning_whirling_symposium_swirl","swirl-rotational-topology","base_trick=swirl","high","topology heuristic"
"spinning_whirling_symposium_swirl","symposium-family","modifier_link=symposium","high","freestyle_trick_modifier_links"
"spinning_whirling_symposium_swirl","whirling-family","modifier_link=whirling","high","freestyle_trick_modifier_links"
"spinning_zulu_butterfly","butterfly-wing-topology","base_trick=butterfly","high","topology heuristic"
"spinning_zulu_butterfly","clipper-ending","compound terminates in clipper_stall via wing-motion or canonical-name pattern","medium","canonical-name heuristic"
"spinning_zulu_butterfly","spinning-family","modifier_link=spinning","high","freestyle_trick_modifier_links"
"spinning_zulu_butterfly","wing-motion-dex","base_trick=butterfly","high","base_trick mapping"
"splicing_paradox_mirage","hippy-in-dex","base_trick=mirage","high","base_trick mapping"
"splicing_paradox_mirage","mirage-topology","base_trick=mirage","high","topology heuristic"
"splicing_paradox_mirage","paradox-family","modifier_link=paradox","high","freestyle_trick_modifier_links"
"splicing_paradox_mirage","toe-ending","compound terminates in toe_stall via canonical-name pattern","medium","canonical-name heuristic"
"spyro","stall-1add-topology","1-ADD primitive contact/stall","high","topology heuristic"
"stepping_barfly","barfly-double-loop-topology","base_trick=barfly","high","topology heuristic"
"stepping_barfly","stepping-family","modifier_link=stepping","high","freestyle_trick_modifier_links"
"stepping_blender","blender-rotational-topology","base_trick=blender","high","topology heuristic"
"stepping_blender","stepping-family","modifier_link=stepping","high","freestyle_trick_modifier_links"
"stepping_butterfly","butterfly-wing-topology","base_trick=butterfly","high","topology heuristic"
"stepping_butterfly","clipper-ending","compound terminates in clipper_stall via wing-motion or canonical-name pattern","medium","canonical-name heuristic"
"stepping_butterfly","stepping-family","modifier_link=stepping","high","freestyle_trick_modifier_links"
"stepping_butterfly","uptime-dex-downtime-butterfly","stepping + butterfly archetype","high","execution-pattern rule"
"stepping_butterfly","wing-motion-dex","base_trick=butterfly","high","base_trick mapping"
"stepping_butterfly_reverse_swirl","clipper-ending","compound terminates in clipper_stall via wing-motion or canonical-name pattern","medium","canonical-name heuristic"
"stepping_butterfly_swirl","clipper-ending","compound terminates in clipper_stall via wing-motion or canonical-name pattern","medium","canonical-name heuristic"
"stepping_butterfly_swirl","stepping-family","modifier_link=stepping","high","freestyle_trick_modifier_links"
"stepping_clipper","clipper-ending","compound terminates in clipper_stall via wing-motion or canonical-name pattern","medium","canonical-name heuristic"
"stepping_clipper","stepping-family","modifier_link=stepping","high","freestyle_trick_modifier_links"
"stepping_clipper_same_side","clipper-ending","compound terminates in clipper_stall via wing-motion or canonical-name pattern","medium","canonical-name heuristic"
"stepping_diving_butterfly","clipper-ending","compound terminates in clipper_stall via wing-motion or canonical-name pattern","medium","canonical-name heuristic"
"stepping_diving_butterfly","diving-family","modifier_link=diving","high","freestyle_trick_modifier_links"
"stepping_diving_butterfly","stepping-family","modifier_link=stepping","high","freestyle_trick_modifier_links"
"stepping_diving_double_leg_over","diving-family","modifier_link=diving","high","freestyle_trick_modifier_links"
"stepping_diving_double_leg_over","stepping-family","modifier_link=stepping","high","freestyle_trick_modifier_links"
"stepping_diving_mirage","diving-family","modifier_link=diving","high","freestyle_trick_modifier_links"
"stepping_diving_mirage","stepping-family","modifier_link=stepping","high","freestyle_trick_modifier_links"
"stepping_diving_mirage","toe-ending","compound terminates in toe_stall via canonical-name pattern","medium","canonical-name heuristic"
"stepping_double_over_down","stepping-family","modifier_link=stepping","high","freestyle_trick_modifier_links"
"stepping_double_switch_over","stepping-family","modifier_link=stepping","high","freestyle_trick_modifier_links"
"stepping_ducking_butterfly","clipper-ending","compound terminates in clipper_stall via wing-motion or canonical-name pattern","medium","canonical-name heuristic"
"stepping_ducking_butterfly","ducking-family","modifier_link=ducking","high","freestyle_trick_modifier_links"
"stepping_ducking_butterfly","stepping-family","modifier_link=stepping","high","freestyle_trick_modifier_links"
"stepping_ducking_butterfly_swirl","clipper-ending","compound terminates in clipper_stall via wing-motion or canonical-name pattern","medium","canonical-name heuristic"
"stepping_ducking_butterfly_swirl","ducking-family","modifier_link=ducking","high","freestyle_trick_modifier_links"
"stepping_ducking_butterfly_swirl","stepping-family","modifier_link=stepping","high","freestyle_trick_modifier_links"
"stepping_ducking_double_leg_over","ducking-family","modifier_link=ducking","high","freestyle_trick_modifier_links"
"stepping_ducking_double_leg_over","stepping-family","modifier_link=stepping","high","freestyle_trick_modifier_links"
"stepping_ducking_double_pickup","ducking-family","modifier_link=ducking","high","freestyle_trick_modifier_links"
"stepping_ducking_double_pickup","stepping-family","modifier_link=stepping","high","freestyle_trick_modifier_links"
"stepping_ducking_drifter","ducking-family","modifier_link=ducking","high","freestyle_trick_modifier_links"
"stepping_ducking_drifter","stepping-family","modifier_link=stepping","high","freestyle_trick_modifier_links"
"stepping_ducking_far_double_pickup","ducking-family","modifier_link=ducking","high","freestyle_trick_modifier_links"
"stepping_ducking_far_double_pickup","stepping-family","modifier_link=stepping","high","freestyle_trick_modifier_links"
"stepping_ducking_magellan","ducking-family","modifier_link=ducking","high","freestyle_trick_modifier_links"
"stepping_ducking_magellan","stepping-family","modifier_link=stepping","high","freestyle_trick_modifier_links"
"stepping_ducking_mirage","ducking-family","modifier_link=ducking","high","freestyle_trick_modifier_links"
"stepping_ducking_mirage","stepping-family","modifier_link=stepping","high","freestyle_trick_modifier_links"
"stepping_ducking_mirage","toe-ending","compound terminates in toe_stall via canonical-name pattern","medium","canonical-name heuristic"
"stepping_ducking_osis","ducking-family","modifier_link=ducking","high","freestyle_trick_modifier_links"
"stepping_ducking_osis","stepping-family","modifier_link=stepping","high","freestyle_trick_modifier_links"
"stepping_ducking_paradox_blender","ducking-family","modifier_link=ducking","high","freestyle_trick_modifier_links"
"stepping_ducking_paradox_blender","paradox-family","modifier_link=paradox","high","freestyle_trick_modifier_links"
"stepping_ducking_paradox_blender","stepping-family","modifier_link=stepping","high","freestyle_trick_modifier_links"
"stepping_ducking_paradox_symposium_whirl","ducking-family","modifier_link=ducking","high","freestyle_trick_modifier_links"
"stepping_ducking_paradox_symposium_whirl","no-plant-while-symposium","modifier_link=symposium","high","execution-pattern rule"
"stepping_ducking_paradox_symposium_whirl","paradox-family","modifier_link=paradox","high","freestyle_trick_modifier_links"
"stepping_ducking_paradox_symposium_whirl","stepping-family","modifier_link=stepping","high","freestyle_trick_modifier_links"
"stepping_ducking_paradox_symposium_whirl","symposium-family","modifier_link=symposium","high","freestyle_trick_modifier_links"
"stepping_ducking_paste","ducking-family","modifier_link=ducking","high","freestyle_trick_modifier_links"
"stepping_ducking_paste","stepping-family","modifier_link=stepping","high","freestyle_trick_modifier_links"
"stepping_ducking_pigbeater","ducking-family","modifier_link=ducking","high","freestyle_trick_modifier_links"
"stepping_ducking_pigbeater","stepping-family","modifier_link=stepping","high","freestyle_trick_modifier_links"
"stepping_ducking_smog","ducking-family","modifier_link=ducking","high","freestyle_trick_modifier_links"
"stepping_ducking_smog","stepping-family","modifier_link=stepping","high","freestyle_trick_modifier_links"
"stepping_ducking_smudge","ducking-family","modifier_link=ducking","high","freestyle_trick_modifier_links"
"stepping_ducking_smudge","stepping-family","modifier_link=stepping","high","freestyle_trick_modifier_links"
"stepping_ducking_symposium_eggbeater","ducking-family","modifier_link=ducking","high","freestyle_trick_modifier_links"
"stepping_ducking_symposium_eggbeater","no-plant-while-symposium","modifier_link=symposium","high","execution-pattern rule"
"stepping_ducking_symposium_eggbeater","stepping-family","modifier_link=stepping","high","freestyle_trick_modifier_links"
"stepping_ducking_symposium_eggbeater","symposium-family","modifier_link=symposium","high","freestyle_trick_modifier_links"
"stepping_ducking_torque","ducking-family","modifier_link=ducking","high","freestyle_trick_modifier_links"
"stepping_ducking_torque","stepping-family","modifier_link=stepping","high","freestyle_trick_modifier_links"
"stepping_ducking_torque","torque-rotational-topology","base_trick=torque","high","topology heuristic"
"stepping_dyno","stepping-family","modifier_link=stepping","high","freestyle_trick_modifier_links"
"stepping_eggbeater","stepping-family","modifier_link=stepping","high","freestyle_trick_modifier_links"
"stepping_flail","stepping-family","modifier_link=stepping","high","freestyle_trick_modifier_links"
"stepping_guay","stepping-family","modifier_link=stepping","high","freestyle_trick_modifier_links"
"stepping_mirage","hippy-in-dex","base_trick=mirage","high","base_trick mapping"
"stepping_mirage","mirage-topology","base_trick=mirage","high","topology heuristic"
"stepping_mirage","stepping-family","modifier_link=stepping","high","freestyle_trick_modifier_links"
"stepping_mirage","toe-ending","compound terminates in toe_stall via canonical-name pattern","medium","canonical-name heuristic"
"stepping_osis","osis-rotational-topology","base_trick=osis","high","topology heuristic"
"stepping_osis","stepping-family","modifier_link=stepping","high","freestyle_trick_modifier_links"
"stepping_osis","uptime-dex-downtime-osis","stepping + osis archetype","high","execution-pattern rule"
"stepping_paradox_torque","paradox-family","modifier_link=paradox","high","freestyle_trick_modifier_links"
"stepping_paradox_torque","stepping-family","modifier_link=stepping","high","freestyle_trick_modifier_links"
"stepping_pickup","pickup-topology","base_trick=pickup","high","topology heuristic"
"stepping_pickup","stepping-family","modifier_link=stepping","high","freestyle_trick_modifier_links"
"stepping_pickup","under-foot-scoop","base_trick=pickup","high","base_trick mapping"
"stepping_reaper","stepping-family","modifier_link=stepping","high","freestyle_trick_modifier_links"
"stepping_rev_whirl","stepping-family","modifier_link=stepping","high","freestyle_trick_modifier_links"
"stepping_reverse_guay","stepping-family","modifier_link=stepping","high","freestyle_trick_modifier_links"
"stepping_reverse_swirl","back-spin-dex","base_trick=swirl","high","base_trick mapping"
"stepping_reverse_swirl","stepping-family","modifier_link=stepping","high","freestyle_trick_modifier_links"
"stepping_reverse_swirl","swirl-rotational-topology","base_trick=swirl","high","topology heuristic"
"stepping_superfly","stepping-family","modifier_link=stepping","high","freestyle_trick_modifier_links"
"stepping_swirl","back-spin-dex","base_trick=swirl","high","base_trick mapping"
"stepping_swirl","stepping-family","modifier_link=stepping","high","freestyle_trick_modifier_links"
"stepping_swirl","swirl-rotational-topology","base_trick=swirl","high","topology heuristic"
"stepping_symposium_mirage","no-plant-while-symposium","modifier_link=symposium","high","execution-pattern rule"
"stepping_symposium_mirage","stepping-family","modifier_link=stepping","high","freestyle_trick_modifier_links"
"stepping_symposium_mirage","symposium-family","modifier_link=symposium","high","freestyle_trick_modifier_links"
"stepping_symposium_mirage","toe-ending","compound terminates in toe_stall via canonical-name pattern","medium","canonical-name heuristic"
"stepping_symposium_paradon","no-plant-while-symposium","modifier_link=symposium","high","execution-pattern rule"
"stepping_symposium_paradon","stepping-family","modifier_link=stepping","high","freestyle_trick_modifier_links"
"stepping_symposium_paradon","symposium-family","modifier_link=symposium","high","freestyle_trick_modifier_links"
"stepping_symposium_whirl","no-plant-while-symposium","modifier_link=symposium","high","execution-pattern rule"
"stepping_symposium_whirl","stepping-family","modifier_link=stepping","high","freestyle_trick_modifier_links"
"stepping_symposium_whirl","symposium-family","modifier_link=symposium","high","freestyle_trick_modifier_links"
"stepping_weaving_butterfly","clipper-ending","compound terminates in clipper_stall via wing-motion or canonical-name pattern","medium","canonical-name heuristic"
"stepping_weaving_butterfly","stepping-family","modifier_link=stepping","high","freestyle_trick_modifier_links"
"stepping_weaving_mirage","stepping-family","modifier_link=stepping","high","freestyle_trick_modifier_links"
"stepping_weaving_mirage","toe-ending","compound terminates in toe_stall via canonical-name pattern","medium","canonical-name heuristic"
"stepping_whirl","front-spin-dex","base_trick=whirl","high","base_trick mapping"
"stepping_whirl","stepping-family","modifier_link=stepping","high","freestyle_trick_modifier_links"
"stepping_whirl","whirl-rotational-topology","base_trick=whirl","high","topology heuristic"
"stepping_whirling_swirl","stepping-family","modifier_link=stepping","high","freestyle_trick_modifier_links"
"stepping_whirling_swirl","whirling-family","modifier_link=whirling","high","freestyle_trick_modifier_links"
"sumo","hippy-in-dex","base_trick=mirage","high","base_trick mapping"
"sumo","mirage-topology","base_trick=mirage","high","topology heuristic"
"sumo","nuclear-family","modifier_link=nuclear","high","freestyle_trick_modifier_links"
"superfly","barfly-double-loop-topology","base_trick=barfly","high","topology heuristic"
"superfly","no-plant-while-symposium","modifier_link=symposium","high","execution-pattern rule"
"superfly","symposium-family","modifier_link=symposium","high","freestyle_trick_modifier_links"
"surfing_osis","osis-rotational-topology","base_trick=osis","high","topology heuristic"
"surfing_pickup_same_side","pickup-topology","base_trick=pickup","high","topology heuristic"
"surfing_pickup_same_side","under-foot-scoop","base_trick=pickup","high","base_trick mapping"
"surge","hippy-in-dex","base_trick=mirage","high","base_trick mapping"
"surge","mirage-topology","base_trick=mirage","high","topology heuristic"
"surge","paradox-family","modifier_link=paradox","high","freestyle_trick_modifier_links"
"surge","spinning-family","modifier_link=spinning","high","freestyle_trick_modifier_links"
"surge","stepping-family","modifier_link=stepping","high","freestyle_trick_modifier_links"
"surgery","no-plant-while-symposium","modifier_link=symposium","high","execution-pattern rule"
"surgery","spinning-family","modifier_link=spinning","high","freestyle_trick_modifier_links"
"surgery","stepping-family","modifier_link=stepping","high","freestyle_trick_modifier_links"
"surgery","symposium-family","modifier_link=symposium","high","freestyle_trick_modifier_links"
"surging_ducking_paradox_symposium_whirling_rake","ducking-family","modifier_link=ducking","high","freestyle_trick_modifier_links"
"surging_ducking_paradox_symposium_whirling_rake","no-plant-while-symposium","modifier_link=symposium","high","execution-pattern rule"
"surging_ducking_paradox_symposium_whirling_rake","paradox-family","modifier_link=paradox","high","freestyle_trick_modifier_links"
"surging_ducking_paradox_symposium_whirling_rake","spinning-family","modifier_link=spinning","high","freestyle_trick_modifier_links"
"surging_ducking_paradox_symposium_whirling_rake","stepping-family","modifier_link=stepping","high","freestyle_trick_modifier_links"
"surging_ducking_paradox_symposium_whirling_rake","symposium-family","modifier_link=symposium","high","freestyle_trick_modifier_links"
"surging_ducking_paradox_symposium_whirling_rake","whirling-family","modifier_link=whirling","high","freestyle_trick_modifier_links"
"surging_ducking_paradox_torque","ducking-family","modifier_link=ducking","high","freestyle_trick_modifier_links"
"surging_ducking_paradox_torque","paradox-family","modifier_link=paradox","high","freestyle_trick_modifier_links"
"surging_ducking_paradox_torque","spinning-family","modifier_link=spinning","high","freestyle_trick_modifier_links"
"surging_ducking_paradox_torque","stepping-family","modifier_link=stepping","high","freestyle_trick_modifier_links"
"surging_ducking_paradox_torque","torque-rotational-topology","base_trick=torque","high","topology heuristic"
"surging_ducking_torque","ducking-family","modifier_link=ducking","high","freestyle_trick_modifier_links"
"surging_ducking_torque","spinning-family","modifier_link=spinning","high","freestyle_trick_modifier_links"
"surging_ducking_torque","stepping-family","modifier_link=stepping","high","freestyle_trick_modifier_links"
"surging_ducking_torque","torque-rotational-topology","base_trick=torque","high","topology heuristic"
"surging_legover","leggy-pass","base_trick=legover","high","base_trick mapping"
"surging_legover","legover-topology","base_trick=legover","high","topology heuristic"
"surging_legover","spinning-family","modifier_link=spinning","high","freestyle_trick_modifier_links"
"surging_legover","stepping-family","modifier_link=stepping","high","freestyle_trick_modifier_links"
"surging_mirage","hippy-in-dex","base_trick=mirage","high","base_trick mapping"
"surging_mirage","mirage-topology","base_trick=mirage","high","topology heuristic"
"surging_mirage","spinning-family","modifier_link=spinning","high","freestyle_trick_modifier_links"
"surging_mirage","stepping-family","modifier_link=stepping","high","freestyle_trick_modifier_links"
"surging_mirage","toe-ending","compound terminates in toe_stall via canonical-name pattern","medium","canonical-name heuristic"
"surging_osis","osis-rotational-topology","base_trick=osis","high","topology heuristic"
"surging_osis","spinning-family","modifier_link=spinning","high","freestyle_trick_modifier_links"
"surging_osis","stepping-family","modifier_link=stepping","high","freestyle_trick_modifier_links"
"surging_osis","uptime-dex-downtime-osis","spinning/stepping + osis archetype","high","execution-pattern rule"
"surging_whirl","front-spin-dex","base_trick=whirl","high","base_trick mapping"
"surging_whirl","spinning-family","modifier_link=spinning","high","freestyle_trick_modifier_links"
"surging_whirl","stepping-family","modifier_link=stepping","high","freestyle_trick_modifier_links"
"surging_whirl","whirl-rotational-topology","base_trick=whirl","high","topology heuristic"
"surreal","front-spin-dex","base_trick=whirl","high","base_trick mapping"
"surreal","paradox-family","modifier_link=paradox","high","freestyle_trick_modifier_links"
"surreal","spinning-family","modifier_link=spinning","high","freestyle_trick_modifier_links"
"surreal","stepping-family","modifier_link=stepping","high","freestyle_trick_modifier_links"
"surreal","whirl-rotational-topology","base_trick=whirl","high","topology heuristic"
"swirl","back-spin-dex","base_trick=swirl","high","base_trick mapping"
"swirl","swirl-rotational-topology","base_trick=swirl","high","topology heuristic"
"swirl_dragon","back-spin-dex","base_trick=swirl","high","base_trick mapping"
"swirl_dragon","swirl-rotational-topology","base_trick=swirl","high","topology heuristic"
"swirling_butterfly","butterfly-wing-topology","base_trick=butterfly","high","topology heuristic"
"swirling_butterfly","clipper-ending","compound terminates in clipper_stall via wing-motion or canonical-name pattern","medium","canonical-name heuristic"
"swirling_butterfly","wing-motion-dex","base_trick=butterfly","high","base_trick mapping"
"swirling_mirage","hippy-in-dex","base_trick=mirage","high","base_trick mapping"
"swirling_mirage","mirage-topology","base_trick=mirage","high","topology heuristic"
"swirling_mirage","toe-ending","compound terminates in toe_stall via canonical-name pattern","medium","canonical-name heuristic"
"swirling_paradox_mirage","toe-ending","compound terminates in toe_stall via canonical-name pattern","medium","canonical-name heuristic"
"swirling_paradox_symposium_whirl","no-plant-while-symposium","modifier_link=symposium","high","execution-pattern rule"
"swirling_paradox_symposium_whirl","paradox-family","modifier_link=paradox","high","freestyle_trick_modifier_links"
"swirling_paradox_symposium_whirl","symposium-family","modifier_link=symposium","high","freestyle_trick_modifier_links"
"swirling_reverse_swirl","back-spin-dex","base_trick=swirl","high","base_trick mapping"
"swirling_reverse_swirl","swirl-rotational-topology","base_trick=swirl","high","topology heuristic"
"swirling_swirl","back-spin-dex","base_trick=swirl","high","base_trick mapping"
"swirling_swirl","swirl-rotational-topology","base_trick=swirl","high","topology heuristic"
"swirling_whirl","front-spin-dex","base_trick=whirl","high","base_trick mapping"
"swirling_whirl","whirl-rotational-topology","base_trick=whirl","high","topology heuristic"
"swirlwind","back-spin-dex","base_trick=swirl","high","base_trick mapping"
"swirlwind","no-plant-while-symposium","modifier_link=symposium","high","execution-pattern rule"
"swirlwind","paradox-family","modifier_link=paradox","high","freestyle_trick_modifier_links"
"swirlwind","spinning-family","modifier_link=spinning","high","freestyle_trick_modifier_links"
"swirlwind","swirl-rotational-topology","base_trick=swirl","high","topology heuristic"
"swirlwind","symposium-family","modifier_link=symposium","high","freestyle_trick_modifier_links"
"swirlwind","whirling-family","modifier_link=whirling","high","freestyle_trick_modifier_links"
"symposium_atomic_butterfly","clipper-ending","compound terminates in clipper_stall via wing-motion or canonical-name pattern","medium","canonical-name heuristic"
"symposium_atomic_butterfly","no-plant-while-symposium","modifier_link=symposium","high","execution-pattern rule"
"symposium_atomic_butterfly","symposium-family","modifier_link=symposium","high","freestyle_trick_modifier_links"
"symposium_blizzard","no-plant-while-symposium","modifier_link=symposium","high","execution-pattern rule"
"symposium_blizzard","symposium-family","modifier_link=symposium","high","freestyle_trick_modifier_links"
"symposium_blur","no-plant-while-symposium","modifier_link=symposium","high","execution-pattern rule"
"symposium_blur","symposium-family","modifier_link=symposium","high","freestyle_trick_modifier_links"
"symposium_blur","toe-ending","compound terminates in toe_stall via canonical-name pattern","medium","canonical-name heuristic"
"symposium_bubba","no-plant-while-symposium","modifier_link=symposium","high","execution-pattern rule"
"symposium_bubba","symposium-family","modifier_link=symposium","high","freestyle_trick_modifier_links"
"symposium_butterfly","butterfly-wing-topology","base_trick=butterfly","high","topology heuristic"
"symposium_butterfly","clipper-ending","compound terminates in clipper_stall via wing-motion or canonical-name pattern","medium","canonical-name heuristic"
"symposium_butterfly","no-plant-while-symposium","modifier_link=symposium","high","execution-pattern rule"
"symposium_butterfly","symposium-family","modifier_link=symposium","high","freestyle_trick_modifier_links"
"symposium_butterfly","wing-motion-dex","base_trick=butterfly","high","base_trick mapping"
"symposium_eggbeater","no-plant-while-symposium","modifier_link=symposium","high","execution-pattern rule"
"symposium_eggbeater","symposium-family","modifier_link=symposium","high","freestyle_trick_modifier_links"
"symposium_mirage","hippy-in-dex","base_trick=mirage","high","base_trick mapping"
"symposium_mirage","mirage-topology","base_trick=mirage","high","topology heuristic"
"symposium_mirage","no-plant-while-symposium","modifier_link=symposium","high","execution-pattern rule"
"symposium_mirage","symposium-family","modifier_link=symposium","high","freestyle_trick_modifier_links"
"symposium_mirage","toe-ending","compound terminates in toe_stall via canonical-name pattern","medium","canonical-name heuristic"
"symposium_miraging_mirage","hippy-in-dex","base_trick=mirage","high","base_trick mapping"
"symposium_miraging_mirage","mirage-topology","base_trick=mirage","high","topology heuristic"
"symposium_miraging_mirage","no-plant-while-symposium","modifier_link=symposium","high","execution-pattern rule"
"symposium_miraging_mirage","symposium-family","modifier_link=symposium","high","freestyle_trick_modifier_links"
"symposium_miraging_mirage","toe-ending","compound terminates in toe_stall via canonical-name pattern","medium","canonical-name heuristic"
"symposium_mobius","no-plant-while-symposium","modifier_link=symposium","high","execution-pattern rule"
"symposium_mobius","symposium-family","modifier_link=symposium","high","freestyle_trick_modifier_links"
"symposium_paradon","no-plant-while-symposium","modifier_link=symposium","high","execution-pattern rule"
"symposium_paradon","symposium-family","modifier_link=symposium","high","freestyle_trick_modifier_links"
"symposium_pixie","no-plant-while-symposium","modifier_link=symposium","high","execution-pattern rule"
"symposium_pixie","symposium-family","modifier_link=symposium","high","freestyle_trick_modifier_links"
"symposium_reverse_swirling_pickup","no-plant-while-symposium","modifier_link=symposium","high","execution-pattern rule"
"symposium_reverse_swirling_pickup","symposium-family","modifier_link=symposium","high","freestyle_trick_modifier_links"
"symposium_reverse_whirl","no-plant-while-symposium","modifier_link=symposium","high","execution-pattern rule"
"symposium_reverse_whirl","symposium-family","modifier_link=symposium","high","freestyle_trick_modifier_links"
"symposium_reverse_whirling_swirl","back-spin-dex","base_trick=swirl","high","base_trick mapping"
"symposium_reverse_whirling_swirl","no-plant-while-symposium","modifier_link=symposium","high","execution-pattern rule"
"symposium_reverse_whirling_swirl","swirl-rotational-topology","base_trick=swirl","high","topology heuristic"
"symposium_reverse_whirling_swirl","symposium-family","modifier_link=symposium","high","freestyle_trick_modifier_links"
"symposium_reverse_whirling_swirl","whirling-family","modifier_link=whirling","high","freestyle_trick_modifier_links"
"symposium_swirl","back-spin-dex","base_trick=swirl","high","base_trick mapping"
"symposium_swirl","no-plant-while-symposium","modifier_link=symposium","high","execution-pattern rule"
"symposium_swirl","swirl-rotational-topology","base_trick=swirl","high","topology heuristic"
"symposium_swirl","symposium-family","modifier_link=symposium","high","freestyle_trick_modifier_links"
"symposium_torque","no-plant-while-symposium","modifier_link=symposium","high","execution-pattern rule"
"symposium_torque","symposium-family","modifier_link=symposium","high","freestyle_trick_modifier_links"
"symposium_torque","torque-rotational-topology","base_trick=torque","high","topology heuristic"
"symposium_twirl","no-plant-while-symposium","modifier_link=symposium","high","execution-pattern rule"
"symposium_twirl","symposium-family","modifier_link=symposium","high","freestyle_trick_modifier_links"
"symposium_whirl","front-spin-dex","base_trick=whirl","high","base_trick mapping"
"symposium_whirl","no-plant-while-symposium","modifier_link=symposium","high","execution-pattern rule"
"symposium_whirl","symposium-family","modifier_link=symposium","high","freestyle_trick_modifier_links"
"symposium_whirl","whirl-rotational-topology","base_trick=whirl","high","topology heuristic"
"symposium_whirling_flapper","no-plant-while-symposium","modifier_link=symposium","high","execution-pattern rule"
"symposium_whirling_flapper","symposium-family","modifier_link=symposium","high","freestyle_trick_modifier_links"
"symposium_whirling_flapper","whirling-family","modifier_link=whirling","high","freestyle_trick_modifier_links"
"symposium_whirling_mirage","no-plant-while-symposium","modifier_link=symposium","high","execution-pattern rule"
"symposium_whirling_mirage","symposium-family","modifier_link=symposium","high","freestyle_trick_modifier_links"
"symposium_whirling_mirage","toe-ending","compound terminates in toe_stall via canonical-name pattern","medium","canonical-name heuristic"
"symposium_whirling_swirl","no-plant-while-symposium","modifier_link=symposium","high","execution-pattern rule"
"symposium_whirling_swirl","symposium-family","modifier_link=symposium","high","freestyle_trick_modifier_links"
"tap","hippy-in-dex","base_trick=mirage","high","base_trick mapping"
"tap","mirage-topology","base_trick=mirage","high","topology heuristic"
"tap","tapping-family","modifier_link=tapping","high","freestyle_trick_modifier_links"
"tapdown","butterfly-wing-topology","base_trick=butterfly","high","topology heuristic"
"tapdown","clipper-ending","compound terminates in clipper_stall via wing-motion or canonical-name pattern","medium","canonical-name heuristic"
"tapdown","tapping-family","modifier_link=tapping","high","freestyle_trick_modifier_links"
"tapdown","wing-motion-dex","base_trick=butterfly","high","base_trick mapping"
"tapping_clipper","clipper-ending","compound terminates in clipper_stall via wing-motion or canonical-name pattern","medium","canonical-name heuristic"
"tapping_clipper","tapping-family","modifier_link=tapping","high","freestyle_trick_modifier_links"
"tapping_diving_mirage","diving-family","modifier_link=diving","high","freestyle_trick_modifier_links"
"tapping_diving_mirage","tapping-family","modifier_link=tapping","high","freestyle_trick_modifier_links"
"tapping_diving_mirage","toe-ending","compound terminates in toe_stall via canonical-name pattern","medium","canonical-name heuristic"
"tapping_double_leg_over","tapping-family","modifier_link=tapping","high","freestyle_trick_modifier_links"
"tapping_double_over_down","tapping-family","modifier_link=tapping","high","freestyle_trick_modifier_links"
"tapping_drifter","drifter-miraging-clipper-topology","base_trick=drifter","high","topology heuristic"
"tapping_drifter","tapping-family","modifier_link=tapping","high","freestyle_trick_modifier_links"
"tapping_eggbeater","tapping-family","modifier_link=tapping","high","freestyle_trick_modifier_links"
"tapping_guay","tapping-family","modifier_link=tapping","high","freestyle_trick_modifier_links"
"tapping_illusion","hippy-out-dex","base_trick=illusion","high","base_trick mapping"
"tapping_illusion","illusion-topology","base_trick=illusion","high","topology heuristic"
"tapping_illusion","tapping-family","modifier_link=tapping","high","freestyle_trick_modifier_links"
"tapping_leg_over","leggy-pass","base_trick=legover","high","base_trick mapping"
"tapping_leg_over","legover-topology","base_trick=legover","high","topology heuristic"
"tapping_leg_over","tapping-family","modifier_link=tapping","high","freestyle_trick_modifier_links"
"tapping_legover","leggy-pass","base_trick=legover","high","base_trick mapping"
"tapping_legover","legover-topology","base_trick=legover","high","topology heuristic"
"tapping_legover","tapping-family","modifier_link=tapping","high","freestyle_trick_modifier_links"
"tapping_mirage","hippy-in-dex","base_trick=mirage","high","base_trick mapping"
"tapping_mirage","mirage-topology","base_trick=mirage","high","topology heuristic"
"tapping_mirage","tapping-family","modifier_link=tapping","high","freestyle_trick_modifier_links"
"tapping_mirage","toe-ending","compound terminates in toe_stall via canonical-name pattern","medium","canonical-name heuristic"
"tapping_osis","osis-rotational-topology","base_trick=osis","high","topology heuristic"
"tapping_osis","tapping-family","modifier_link=tapping","high","freestyle_trick_modifier_links"
"tapping_pickup","pickup-topology","base_trick=pickup","high","topology heuristic"
"tapping_pickup","tapping-family","modifier_link=tapping","high","freestyle_trick_modifier_links"
"tapping_pickup","under-foot-scoop","base_trick=pickup","high","base_trick mapping"
"tapping_reverse_guay","tapping-family","modifier_link=tapping","high","freestyle_trick_modifier_links"
"tapping_symposium_whirl","no-plant-while-symposium","modifier_link=symposium","high","execution-pattern rule"
"tapping_symposium_whirl","symposium-family","modifier_link=symposium","high","freestyle_trick_modifier_links"
"tapping_symposium_whirl","tapping-family","modifier_link=tapping","high","freestyle_trick_modifier_links"
"tapping_torque","tapping-family","modifier_link=tapping","high","freestyle_trick_modifier_links"
"tapping_torque","torque-rotational-topology","base_trick=torque","high","topology heuristic"
"tapping_twirl","tapping-family","modifier_link=tapping","high","freestyle_trick_modifier_links"
"tapping_whirl","front-spin-dex","base_trick=whirl","high","base_trick mapping"
"tapping_whirl","tapping-family","modifier_link=tapping","high","freestyle_trick_modifier_links"
"tapping_whirl","whirl-rotational-topology","base_trick=whirl","high","topology heuristic"
"tapping_whirling_swirl","tapping-family","modifier_link=tapping","high","freestyle_trick_modifier_links"
"tapping_whirling_swirl","whirling-family","modifier_link=whirling","high","freestyle_trick_modifier_links"
"terraging_illusion","hippy-out-dex","base_trick=illusion","high","base_trick mapping"
"terraging_illusion","illusion-topology","base_trick=illusion","high","topology heuristic"
"terraging_legover","leggy-pass","base_trick=legover","high","base_trick mapping"
"terraging_legover","legover-topology","base_trick=legover","high","topology heuristic"
"terraging_mirage","hippy-in-dex","base_trick=mirage","high","base_trick mapping"
"terraging_mirage","mirage-topology","base_trick=mirage","high","topology heuristic"
"terraging_mirage","toe-ending","compound terminates in toe_stall via canonical-name pattern","medium","canonical-name heuristic"
"terraging_opposite_clipper","clipper-ending","compound terminates in clipper_stall via wing-motion or canonical-name pattern","medium","canonical-name heuristic"
"terraging_same_clipper","clipper-ending","compound terminates in clipper_stall via wing-motion or canonical-name pattern","medium","canonical-name heuristic"
"toe_clipper","clipper-ending","compound terminates in clipper_stall via wing-motion or canonical-name pattern","medium","canonical-name heuristic"
"toe_clipper","toe-ending","compound terminates in toe_stall via canonical-name pattern","medium","canonical-name heuristic"
"toe_double_drifter","toe-ending","compound terminates in toe_stall via canonical-name pattern","medium","canonical-name heuristic"
"toe_flurry","toe-ending","compound terminates in toe_stall via canonical-name pattern","medium","canonical-name heuristic"
"toe_gyro_mirage","gyro-family","modifier_link=gyro","high","freestyle_trick_modifier_links"
"toe_gyro_mirage","hippy-in-dex","base_trick=mirage","high","base_trick mapping"
"toe_gyro_mirage","mirage-topology","base_trick=mirage","high","topology heuristic"
"toe_gyro_mirage","toe-ending","compound terminates in toe_stall via canonical-name pattern","medium","canonical-name heuristic"
"toe_spinning_torque","spinning-family","modifier_link=spinning","high","freestyle_trick_modifier_links"
"toe_spinning_torque","toe-ending","compound terminates in toe_stall via canonical-name pattern","medium","canonical-name heuristic"
"toe_spinning_torque","torque-rotational-topology","base_trick=torque","high","topology heuristic"
"toe_stall","stall-1add-topology","1-ADD primitive contact/stall","high","topology heuristic"
"toe_stall","toe-ending","compound terminates in toe_stall via canonical-name pattern","medium","canonical-name heuristic"
"toe_symposium_swirl","back-spin-dex","base_trick=swirl","high","base_trick mapping"
"toe_symposium_swirl","no-plant-while-symposium","modifier_link=symposium","high","execution-pattern rule"
"toe_symposium_swirl","swirl-rotational-topology","base_trick=swirl","high","topology heuristic"
"toe_symposium_swirl","symposium-family","modifier_link=symposium","high","freestyle_trick_modifier_links"
"toe_symposium_swirl","toe-ending","compound terminates in toe_stall via canonical-name pattern","medium","canonical-name heuristic"
"toe_whirling_swirl","back-spin-dex","base_trick=swirl","high","base_trick mapping"
"toe_whirling_swirl","swirl-rotational-topology","base_trick=swirl","high","topology heuristic"
"toe_whirling_swirl","toe-ending","compound terminates in toe_stall via canonical-name pattern","medium","canonical-name heuristic"
"toe_whirling_swirl","whirling-family","modifier_link=whirling","high","freestyle_trick_modifier_links"
"toe_whirr","toe-ending","compound terminates in toe_stall via canonical-name pattern","medium","canonical-name heuristic"
"tomahawk","ducking-family","modifier_link=ducking","high","freestyle_trick_modifier_links"
"tomahawk","front-spin-dex","base_trick=whirl","high","base_trick mapping"
"tomahawk","paradox-family","modifier_link=paradox","high","freestyle_trick_modifier_links"
"tomahawk","whirl-rotational-topology","base_trick=whirl","high","topology heuristic"
"tombstone","drifter-miraging-clipper-topology","base_trick=drifter","high","topology heuristic"
"tombstone","stepping-family","modifier_link=stepping","high","freestyle_trick_modifier_links"
"torque","osis-rotational-topology","base_trick=osis","high","topology heuristic"
"triple_around_the_world","atw-leg-circle-topology","base_trick=around_the_world","high","topology heuristic"
"triple_around_the_world","leggy-circle","base_trick=around_the_world","high","base_trick mapping"
"triple_mirage","hippy-in-dex","base_trick=mirage","high","base_trick mapping"
"triple_mirage","mirage-topology","base_trick=mirage","high","topology heuristic"
"triple_mirage","toe-ending","compound terminates in toe_stall via canonical-name pattern","medium","canonical-name heuristic"
"triple_swirl","back-spin-dex","base_trick=swirl","high","base_trick mapping"
"triple_swirl","swirl-rotational-topology","base_trick=swirl","high","topology heuristic"
"tripwalk","butterfly-wing-topology","base_trick=butterfly","high","topology heuristic"
"tripwalk","clipper-ending","compound terminates in clipper_stall via wing-motion or canonical-name pattern","medium","canonical-name heuristic"
"tripwalk","quantum-family","modifier_link=quantum","high","freestyle_trick_modifier_links"
"tripwalk","wing-motion-dex","base_trick=butterfly","high","base_trick mapping"
"twirl","osis-rotational-topology","base_trick=osis","high","topology heuristic"
"venom","barfly-double-loop-topology","base_trick=barfly","high","topology heuristic"
"venom","spinning-family","modifier_link=spinning","high","freestyle_trick_modifier_links"
"venom","stepping-family","modifier_link=stepping","high","freestyle_trick_modifier_links"
"vortex","drifter-miraging-clipper-topology","base_trick=drifter","high","topology heuristic"
"vortex","gyro-family","modifier_link=gyro","high","freestyle_trick_modifier_links"
"warp","hippy-in-dex","base_trick=mirage","high","base_trick mapping"
"warp","mirage-topology","base_trick=mirage","high","topology heuristic"
"weaving_butterfly","butterfly-wing-topology","base_trick=butterfly","high","topology heuristic"
"weaving_butterfly","clipper-ending","compound terminates in clipper_stall via wing-motion or canonical-name pattern","medium","canonical-name heuristic"
"weaving_butterfly","wing-motion-dex","base_trick=butterfly","high","base_trick mapping"
"weaving_clipper","clipper-ending","compound terminates in clipper_stall via wing-motion or canonical-name pattern","medium","canonical-name heuristic"
"weaving_drifter","drifter-miraging-clipper-topology","base_trick=drifter","high","topology heuristic"
"weaving_eclipse","clipper-ending","compound terminates in clipper_stall via wing-motion or canonical-name pattern","medium","canonical-name heuristic"
"weaving_illusion","hippy-out-dex","base_trick=illusion","high","base_trick mapping"
"weaving_illusion","illusion-topology","base_trick=illusion","high","topology heuristic"
"weaving_legover","leggy-pass","base_trick=legover","high","base_trick mapping"
"weaving_legover","legover-topology","base_trick=legover","high","topology heuristic"
"weaving_mirage","hippy-in-dex","base_trick=mirage","high","base_trick mapping"
"weaving_mirage","mirage-topology","base_trick=mirage","high","topology heuristic"
"weaving_mirage","toe-ending","compound terminates in toe_stall via canonical-name pattern","medium","canonical-name heuristic"
"weaving_osis","osis-rotational-topology","base_trick=osis","high","topology heuristic"
"weaving_pickup","pickup-topology","base_trick=pickup","high","topology heuristic"
"weaving_pickup","under-foot-scoop","base_trick=pickup","high","base_trick mapping"
"weaving_symposium_mirage","no-plant-while-symposium","modifier_link=symposium","high","execution-pattern rule"
"weaving_symposium_mirage","symposium-family","modifier_link=symposium","high","freestyle_trick_modifier_links"
"weaving_symposium_mirage","toe-ending","compound terminates in toe_stall via canonical-name pattern","medium","canonical-name heuristic"
"weaving_toe_stall","toe-ending","compound terminates in toe_stall via canonical-name pattern","medium","canonical-name heuristic"
"weaving_whirl","front-spin-dex","base_trick=whirl","high","base_trick mapping"
"weaving_whirl","whirl-rotational-topology","base_trick=whirl","high","topology heuristic"
"whirl","directional-reverse-pair","whirl is anchor of direction-variant pair","high","execution-pattern rule"
"whirl","front-spin-dex","base_trick=whirl","high","base_trick mapping"
"whirl","whirl-rotational-topology","base_trick=whirl","high","topology heuristic"
"whirling_butterfly","butterfly-wing-topology","base_trick=butterfly","high","topology heuristic"
"whirling_butterfly","clipper-ending","compound terminates in clipper_stall via wing-motion or canonical-name pattern","medium","canonical-name heuristic"
"whirling_butterfly","whirling-family","modifier_link=whirling","high","freestyle_trick_modifier_links"
"whirling_butterfly","wing-motion-dex","base_trick=butterfly","high","base_trick mapping"
"whirling_gyro_mirage","gyro-family","modifier_link=gyro","high","freestyle_trick_modifier_links"
"whirling_gyro_mirage","toe-ending","compound terminates in toe_stall via canonical-name pattern","medium","canonical-name heuristic"
"whirling_gyro_mirage","whirling-family","modifier_link=whirling","high","freestyle_trick_modifier_links"
"whirling_paradox_mirage","paradox-family","modifier_link=paradox","high","freestyle_trick_modifier_links"
"whirling_paradox_mirage","toe-ending","compound terminates in toe_stall via canonical-name pattern","medium","canonical-name heuristic"
"whirling_paradox_mirage","whirling-family","modifier_link=whirling","high","freestyle_trick_modifier_links"
"whirling_pickup","pickup-topology","base_trick=pickup","high","topology heuristic"
"whirling_pickup","under-foot-scoop","base_trick=pickup","high","base_trick mapping"
"whirling_pickup","whirling-family","modifier_link=whirling","high","freestyle_trick_modifier_links"
"whirling_rake","whirling-family","modifier_link=whirling","high","freestyle_trick_modifier_links"
"whirling_rev_whirl","whirling-family","modifier_link=whirling","high","freestyle_trick_modifier_links"
"whirling_swirl","back-spin-dex","base_trick=swirl","high","base_trick mapping"
"whirling_swirl","swirl-rotational-topology","base_trick=swirl","high","topology heuristic"
"whirling_swirl","whirling-family","modifier_link=whirling","high","freestyle_trick_modifier_links"
"whirling_whirl","front-spin-dex","base_trick=whirl","high","base_trick mapping"
"whirling_whirl","whirl-rotational-topology","base_trick=whirl","high","topology heuristic"
"whirling_whirl","whirling-family","modifier_link=whirling","high","freestyle_trick_modifier_links"
"witchdoctor","atomic-family","modifier_link=atomic","high","freestyle_trick_modifier_links"
"witchdoctor","hippy-in-dex","base_trick=mirage","high","base_trick mapping"
"witchdoctor","mirage-topology","base_trick=mirage","high","topology heuristic"
"witchdoctor","no-plant-while-symposium","modifier_link=symposium","high","execution-pattern rule"
"witchdoctor","symposium-family","modifier_link=symposium","high","freestyle_trick_modifier_links"
"yoda","butterfly-wing-topology","base_trick=butterfly","high","topology heuristic"
"yoda","clipper-ending","compound terminates in clipper_stall via wing-motion or canonical-name pattern","medium","canonical-name heuristic"
"yoda","wing-motion-dex","base_trick=butterfly","high","base_trick mapping"
"zulu_butterfly","butterfly-wing-topology","base_trick=butterfly","high","topology heuristic"
"zulu_butterfly","clipper-ending","compound terminates in clipper_stall via wing-motion or canonical-name pattern","medium","canonical-name heuristic"
"zulu_butterfly","wing-motion-dex","base_trick=butterfly","high","base_trick mapping"
"zulu_clipper","clipper-ending","compound terminates in clipper_stall via wing-motion or canonical-name pattern","medium","canonical-name heuristic"
"zulu_drifter","drifter-miraging-clipper-topology","base_trick=drifter","high","topology heuristic"
"zulu_eclipse","clipper-ending","compound terminates in clipper_stall via wing-motion or canonical-name pattern","medium","canonical-name heuristic"
"zulu_illusion","hippy-out-dex","base_trick=illusion","high","base_trick mapping"
"zulu_illusion","illusion-topology","base_trick=illusion","high","topology heuristic"
"zulu_legover","leggy-pass","base_trick=legover","high","base_trick mapping"
"zulu_legover","legover-topology","base_trick=legover","high","topology heuristic"
"zulu_mirage","hippy-in-dex","base_trick=mirage","high","base_trick mapping"
"zulu_mirage","mirage-topology","base_trick=mirage","high","topology heuristic"
"zulu_mirage","toe-ending","compound terminates in toe_stall via canonical-name pattern","medium","canonical-name heuristic"
"zulu_osis","osis-rotational-topology","base_trick=osis","high","topology heuristic"
"zulu_paradox_drifter","drifter-miraging-clipper-topology","base_trick=drifter","high","topology heuristic"
"zulu_paradox_drifter","paradox-family","modifier_link=paradox","high","freestyle_trick_modifier_links"
"zulu_paradox_mirage","hippy-in-dex","base_trick=mirage","high","base_trick mapping"
"zulu_paradox_mirage","mirage-topology","base_trick=mirage","high","topology heuristic"
"zulu_paradox_mirage","paradox-family","modifier_link=paradox","high","freestyle_trick_modifier_links"
"zulu_paradox_mirage","toe-ending","compound terminates in toe_stall via canonical-name pattern","medium","canonical-name heuristic"
"zulu_pickup","pickup-topology","base_trick=pickup","high","topology heuristic"
"zulu_pickup","under-foot-scoop","base_trick=pickup","high","base_trick mapping"
"zulu_symposium_mirage","hippy-in-dex","base_trick=mirage","high","base_trick mapping"
"zulu_symposium_mirage","mirage-topology","base_trick=mirage","high","topology heuristic"
"zulu_symposium_mirage","no-plant-while-symposium","modifier_link=symposium","high","execution-pattern rule"
"zulu_symposium_mirage","symposium-family","modifier_link=symposium","high","freestyle_trick_modifier_links"
"zulu_symposium_mirage","toe-ending","compound terminates in toe_stall via canonical-name pattern","medium","canonical-name heuristic"
"zulu_toe_stall","toe-ending","compound terminates in toe_stall via canonical-name pattern","medium","canonical-name heuristic"
"zulu_whirl","front-spin-dex","base_trick=whirl","high","base_trick mapping"
"zulu_whirl","whirl-rotational-topology","base_trick=whirl","high","topology heuristic"
